landing_page_id,origin
122,6
348,0
61,9
240,0
356,0
28,3
0,3
61,9
103,3
94,3
159,8
23,3
262,4
354,6
171,1
173,6
87,3
56,3
443,3
130,7
35,6
468,3
228,3
394,3
83,5
394,3
442,2
229,8
61,8
61,3
228,4
356,9
315,6
356,4
356,9
394,3
122,6
77,0
199,6
381,9
262,8
68,9
21,2
465,3
492,6
262,8
95,6
407,3
153,1
356,9
122,3
257,3
360,3
356,9
252,3
227,6
103,6
122,6
356,9
382,4
62,6
356,9
482,3
228,4
62,6
482,6
394,3
87,2
468,8
442,2
394,3
122,6
35,1
485,2
228,4
356,9
407,2
195,8
262,8
262,8
375,8
356,9
356,9
321,3
46,6
35,3
262,8
345,3
356,9
305,2
419,8
373,0
258,8
115,6
228,3
159,8
356,9
262,8
61,3
87,2
61,6
262,8
122,3
468,3
122,3
468,3
443,3
394,3
356,9
61,3
443,3
71,2
443,0
199,3
46,6
356,9
407,3
258,8
262,8
493,7
468,7
394,0
68,9
356,9
122,6
80,3
159,8
228,4
162,0
415,0
61,3
443,6
61,3
159,8
480,3
61,3
262,8
259,5
243,9
195,8
394,3
115,6
46,6
355,0
61,0
207,6
27,0
356,9
356,3
61,0
262,8
86,6
159,8
404,6
356,3
44,6
159,8
60,6
159,8
281,3
356,9
356,3
155,9
262,8
159,8
284,7
339,2
414,8
93,5
394,3
17,9
23,7
275,9
122,3
354,6
46,6
363,9
372,3
122,6
308,6
347,2
159,8
257,6
281,3
197,4
262,8
443,4
443,2
2,1
356,9
443,3
363,6
68,3
356,9
331,3
61,3
390,8
482,2
23,3
262,8
159,8
272,9
159,8
61,0
262,8
262,8
394,3
234,0
356,9
78,8
48,6
2,0
356,3
159,8
61,8
61,7
159,8
417,6
419,0
469,3
199,2
468,3
368,9
356,3
228,4
23,3
444,2
468,3
262,8
122,6
61,0
75,7
296,3
61,3
417,6
61,3
356,9
2,6
195,8
199,6
61,3
61,3
258,8
356,9
122,6
28,2
61,3
444,5
61,3
356,9
228,3
87,0
356,9
159,8
262,8
480,3
356,9
147,3
356,9
159,8
2,6
62,6
330,8
95,3
195,8
27,7
15,3
356,9
356,9
61,3
122,6
356,9
486,6
61,3
356,9
61,3
354,6
262,8
146,2
381,3
240,3
19,9
122,6
444,3
443,9
356,9
381,0
308,6
159,8
35,3
468,3
95,9
394,6
354,5
122,6
262,4
61,6
159,8
199,6
377,3
262,8
159,8
400,6
321,3
468,3
39,9
62,6
483,6
468,3
482,3
56,3
200,9
196,7
61,3
278,6
366,3
404,2
78,8
240,7
61,6
482,6
262,3
315,2
207,6
438,3
356,9
21,0
468,7
403,9
308,3
356,9
50,0
468,3
468,7
485,9
159,8
363,6
78,8
321,3
61,5
262,8
289,4
394,3
159,8
356,8
95,3
443,2
159,8
315,6
61,3
61,6
231,3
401,0
61,3
61,3
468,3
356,9
483,6
61,8
321,3
262,8
315,3
307,6
61,0
119,9
55,0
334,3
467,2
61,7
122,3
372,3
62,6
10,1
48,3
394,8
394,6
262,8
356,9
61,6
159,8
173,6
356,9
468,1
61,3
159,8
228,4
61,3
122,6
159,8
244,2
228,4
122,3
297,0
400,6
61,3
463,9
75,3
61,3
56,9
443,3
321,3
159,8
356,9
71,2
262,8
345,3
417,6
2,3
443,3
262,8
0,6
356,9
262,9
346,6
61,3
455,9
159,8
262,8
35,4
443,3
14,3
471,3
468,3
61,3
468,3
262,8
159,8
394,3
135,6
417,8
247,6
61,6
46,6
356,9
468,3
61,3
482,8
26,3
199,3
124,6
228,8
51,6
444,8
21,2
356,9
394,3
46,6
468,3
252,0
97,6
435,9
356,9
61,9
394,2
442,2
262,8
356,2
308,6
94,6
284,8
443,0
444,2
141,3
174,6
39,3
356,9
468,3
61,7
46,6
131,9
394,3
61,6
122,7
61,3
481,6
482,3
46,6
356,9
394,3
468,3
485,2
356,9
468,7
34,9
159,8
51,8
259,8
356,9
356,9
61,6
55,3
443,3
394,9
281,3
61,6
480,3
162,7
228,4
61,9
159,8
159,8
315,6
62,6
486,6
290,3
442,6
354,6
356,9
159,7
35,3
468,9
345,3
257,3
195,8
56,0
61,3
61,7
432,2
277,3
37,3
356,3
207,6
61,3
482,2
159,8
56,2
144,0
262,8
463,3
61,6
468,7
394,3
122,6
468,0
356,9
228,3
125,9
95,0
0,6
308,6
0,3
262,8
159,8
321,1
231,3
61,6
475,3
468,8
96,9
27,0
356,9
195,8
262,8
122,6
199,3
165,3
159,8
228,4
195,8
468,7
486,6
307,8
394,3
0,6
238,8
443,3
159,8
61,6
356,9
252,0
482,3
463,7
258,8
61,6
61,7
261,9
443,8
356,3
262,0
159,8
356,9
259,8
122,0
443,8
115,6
394,7
394,2
356,9
356,3
394,3
61,3
159,8
228,4
356,9
48,3
61,0
443,0
174,6
17,9
468,1
356,9
94,6
46,6
356,9
468,3
87,3
39,3
61,6
262,8
451,3
354,3
415,2
356,9
122,6
234,4
61,2
356,6
122,6
209,9
61,3
141,0
443,7
465,3
262,8
159,8
159,8
394,0
482,8
78,8
356,9
377,2
356,9
2,9
122,6
61,6
482,9
159,8
34,9
61,8
441,9
465,0
75,3
262,8
61,3
356,9
39,7
39,8
240,0
61,3
116,9
87,9
262,8
159,8
61,3
159,8
183,3
356,3
465,3
356,3
313,9
159,8
199,6
61,3
159,8
75,6
321,3
94,6
410,2
77,3
159,8
321,1
274,9
321,3
356,9
62,3
61,3
77,7
159,9
238,1
39,3
61,3
231,3
394,4
61,3
95,3
61,3
2,3
356,6
334,1
15,3
159,8
167,3
159,8
228,4
356,9
61,8
227,3
398,8
61,0
354,9
321,3
419,9
262,8
443,1
394,3
480,3
61,8
62,3
394,3
321,1
61,3
62,6
262,8
394,3
394,6
262,8
87,6
87,2
159,8
136,6
39,3
240,0
443,1
262,8
393,6
394,3
199,3
468,3
468,0
199,0
82,9
262,8
199,3
228,4
34,9
262,8
419,3
159,8
61,3
307,9
61,3
356,9
489,6
426,3
159,8
61,7
354,3
394,2
62,6
262,8
394,3
356,9
262,8
66,9
103,9
361,2
262,8
321,3
159,8
385,6
61,6
421,6
262,8
480,3
159,8
244,2
468,3
308,6
90,9
159,8
262,6
186,2
394,3
356,9
394,8
262,8
122,6
159,8
394,3
361,2
419,9
307,6
159,8
356,9
228,6
122,6
129,6
432,2
0,6
381,0
468,7
345,3
75,6
56,2
486,0
77,3
159,7
46,3
61,3
394,1
122,6
356,6
61,3
62,6
266,2
356,6
480,6
37,7
356,3
443,3
394,3
468,0
338,2
61,3
356,9
62,6
135,6
407,4
39,9
136,6
262,8
103,9
406,9
122,6
356,5
356,9
61,3
379,9
365,3
262,8
46,6
46,6
262,8
468,3
228,4
109,2
443,6
363,6
262,8
159,8
394,3
61,6
468,3
65,0
122,6
400,6
262,8
270,6
356,3
61,8
482,3
61,0
394,3
61,6
331,3
330,6
78,8
468,0
61,8
365,3
61,3
406,9
456,6
0,6
443,3
356,6
443,7
199,3
421,9
94,6
375,8
356,9
159,8
394,3
419,0
356,9
198,3
61,3
122,6
262,8
135,6
122,9
39,5
122,6
468,3
394,3
356,9
94,6
61,3
115,6
173,6
381,0
489,2
356,9
262,8
227,6
61,9
443,2
356,9
394,3
257,3
195,8
195,8
61,0
61,3
115,6
443,6
321,3
356,9
87,2
61,0
442,9
87,3
122,3
468,6
46,6
394,3
400,6
356,9
25,2
358,6
35,3
35,3
87,3
455,4
193,0
468,3
62,6
262,8
356,9
443,5
468,7
417,3
61,6
95,0
61,3
159,8
77,0
61,9
262,8
61,3
61,3
356,9
46,6
77,3
62,6
36,9
262,9
257,3
62,2
379,9
61,3
356,3
468,0
353,6
141,3
61,0
60,9
443,7
109,3
394,3
416,6
356,9
35,3
356,9
61,3
229,8
6,3
328,3
394,7
468,3
39,2
281,9
61,9
122,5
356,3
228,0
394,3
468,0
443,3
394,3
159,8
228,3
61,0
443,3
184,3
485,2
2,0
61,3
61,9
159,8
62,6
159,8
443,8
61,3
356,9
122,3
35,3
262,8
61,3
262,8
468,3
122,6
24,6
238,8
159,8
482,3
468,3
326,9
443,8
141,0
355,2
258,8
159,8
31,9
486,6
356,9
60,3
374,2
198,2
262,8
258,8
452,6
394,3
443,3
207,3
61,0
46,6
356,9
61,3
240,3
21,9
37,7
394,3
385,6
159,8
122,6
356,9
354,6
176,6
277,9
122,6
262,8
356,3
468,3
122,6
443,3
262,8
61,9
443,3
356,9
159,8
356,9
394,6
356,9
354,6
356,9
122,3
184,6
258,8
443,3
356,9
61,3
115,6
321,3
356,9
380,6
213,9
258,9
443,6
262,8
443,6
444,6
356,9
78,0
419,6
2,6
468,3
432,2
37,3
44,2
61,9
159,8
356,9
356,9
394,3
162,2
122,6
284,0
394,3
279,6
162,6
61,3
195,8
356,9
356,9
356,9
21,9
61,3
195,8
159,8
159,8
93,9
159,8
122,6
356,3
394,3
159,4
61,0
321,3
407,2
374,3
159,8
262,8
228,3
28,7
61,1
262,8
61,7
115,6
61,3
61,3
199,3
2,3
61,3
443,8
367,3
61,0
153,2
228,4
18,3
56,6
159,8
468,3
468,8
395,7
159,8
262,8
356,9
234,3
75,6
0,3
394,3
262,8
394,0
407,4
77,3
389,8
125,2
23,6
394,3
260,6
443,3
61,3
61,6
405,9
360,9
61,3
159,8
78,8
61,3
61,5
177,3
320,8
61,3
122,6
381,0
35,3
355,2
258,8
228,4
133,0
259,9
442,2
258,8
459,2
61,6
356,6
385,6
61,7
287,9
356,9
262,8
159,8
39,3
39,9
379,2
173,6
46,6
262,6
262,8
419,9
394,3
141,3
159,8
174,6
94,6
228,4
135,6
87,1
321,3
256,6
468,0
122,6
229,3
39,3
356,9
199,6
39,3
99,3
394,0
394,7
252,3
77,2
291,1
421,2
468,3
356,9
159,8
56,3
482,3
173,6
260,6
356,9
356,9
281,3
56,8
289,9
159,8
430,6
262,8
281,3
336,3
61,3
229,8
469,3
443,2
258,8
61,3
61,3
356,9
394,6
468,6
262,8
394,3
2,0
198,3
37,3
442,2
262,8
356,6
0,6
307,6
356,9
174,6
258,8
94,6
285,3
468,3
94,6
254,4
486,6
68,3
159,8
443,3
61,6
334,3
356,9
61,3
483,6
62,6
199,6
468,3
443,2
122,3
174,3
321,1
15,3
356,9
356,9
159,8
61,0
38,6
356,9
468,3
61,0
356,9
355,3
35,3
262,8
15,6
356,9
61,3
240,0
356,9
443,8
262,8
61,0
257,6
394,3
62,6
198,0
356,9
279,3
262,8
394,7
400,6
77,3
228,3
394,3
159,8
61,3
262,8
159,0
228,0
356,9
122,6
356,6
61,3
122,6
46,6
61,6
375,8
321,3
195,8
356,9
122,6
159,8
262,8
469,6
260,6
259,8
159,8
122,3
262,8
279,3
122,3
159,8
443,8
443,7
482,3
356,9
356,9
37,3
28,2
62,6
78,8
356,9
258,6
199,6
356,9
394,0
94,6
188,2
479,9
61,6
62,6
385,6
159,8
77,0
463,3
39,6
93,9
385,6
62,6
356,9
122,9
195,8
394,3
65,2
379,2
354,6
122,3
159,8
61,0
356,6
356,3
0,6
443,0
61,0
394,3
308,3
47,3
61,3
61,0
94,6
381,0
356,3
394,0
62,6
61,8
199,3
262,8
365,7
356,9
356,9
39,7
262,8
159,8
442,9
159,8
262,8
443,2
321,6
356,3
26,3
87,8
356,9
159,8
147,3
394,3
115,6
240,3
317,6
432,6
425,3
61,1
468,3
345,0
468,3
379,3
321,6
122,6
394,6
95,9
0,6
394,6
356,3
130,3
356,9
262,8
174,6
290,4
468,3
155,0
61,7
61,3
394,3
159,8
199,6
473,0
61,6
135,6
199,6
122,3
394,3
61,6
356,9
95,3
356,8
41,6
61,3
16,3
61,9
61,6
321,3
228,4
65,2
71,2
135,3
228,4
354,6
60,2
252,8
480,3
262,8
159,8
149,9
480,5
356,9
394,3
394,0
304,9
122,6
262,8
356,9
356,9
122,6
159,8
307,6
356,9
468,3
345,3
122,6
356,3
87,2
394,3
356,9
492,6
61,0
61,3
104,0
345,3
262,8
407,7
356,3
46,6
61,3
422,9
262,8
262,8
468,3
109,6
141,9
262,8
135,3
122,3
162,2
356,9
122,6
39,6
321,3
228,4
77,3
299,8
308,6
179,8
321,3
336,6
228,4
61,3
169,0
480,2
80,0
262,8
356,7
356,9
336,6
240,8
465,3
159,8
174,3
122,3
262,8
60,6
307,3
122,6
356,9
159,8
56,2
252,3
379,7
356,3
46,6
394,7
208,8
389,3
61,6
356,0
307,6
174,6
21,2
356,6
356,3
394,3
356,9
417,3
262,8
356,9
356,6
321,3
95,6
228,3
100,4
356,3
354,3
240,0
61,3
61,6
356,9
468,3
394,0
0,7
356,6
321,3
0,6
355,3
400,6
258,8
159,8
159,8
159,8
436,3
62,6
280,4
394,3
61,6
284,9
468,3
159,3
357,3
159,8
56,3
394,3
417,3
159,8
122,6
109,4
35,3
417,9
122,3
396,2
95,6
133,6
480,2
468,3
356,9
482,6
468,9
321,3
394,3
356,9
159,8
61,8
155,9
78,8
124,1
444,0
199,6
20,6
443,6
356,3
159,8
262,8
61,9
94,6
443,3
389,0
356,9
394,3
195,8
281,0
61,3
159,8
14,6
394,6
61,3
262,8
356,9
356,5
284,6
285,3
360,3
159,8
262,8
260,6
159,8
281,9
141,3
61,3
258,8
308,9
356,9
443,6
0,6
356,8
258,8
61,3
394,6
46,6
77,3
122,6
198,4
394,7
94,6
262,8
229,8
334,2
356,9
240,4
61,0
369,6
394,3
262,8
240,0
15,3
318,6
240,6
480,2
159,8
62,6
356,2
321,0
159,8
380,3
394,7
61,3
159,7
385,6
34,9
307,3
62,6
443,7
61,3
321,3
122,3
407,3
302,3
468,7
356,9
61,3
246,9
356,6
262,8
285,3
228,3
271,4
356,9
62,6
240,3
147,3
61,3
2,3
2,3
159,8
440,9
94,6
356,9
205,9
247,9
356,3
356,9
356,3
141,7
356,9
361,2
60,6
354,6
61,3
61,6
394,3
61,7
356,3
27,6
16,9
356,9
95,0
394,6
228,4
122,6
61,3
75,6
394,9
122,6
443,7
281,8
258,8
361,2
349,8
315,5
468,3
307,6
336,6
122,6
122,3
478,7
316,6
115,6
419,2
159,8
330,2
468,3
228,4
356,9
122,6
297,9
112,9
159,8
356,9
493,3
68,6
443,0
442,2
159,8
493,2
62,6
46,6
262,8
0,6
482,9
361,2
356,9
228,4
174,6
289,3
443,4
39,0
61,7
159,8
262,8
404,9
228,4
225,6
95,3
467,2
392,9
394,7
321,6
394,3
46,6
15,0
15,0
262,8
419,5
489,2
356,9
62,6
159,8
97,6
159,8
9,3
39,3
94,6
262,8
468,3
480,8
262,8
44,6
61,3
229,8
61,3
223,3
134,8
228,3
385,6
356,9
122,6
318,9
65,2
468,7
159,8
356,9
61,0
394,6
0,6
468,3
61,6
356,9
159,8
258,2
394,9
451,3
61,3
61,3
262,8
356,9
159,8
159,3
228,4
421,2
279,3
394,8
417,9
262,3
141,3
356,9
443,3
228,4
35,3
199,9
468,8
380,6
61,6
228,4
279,3
61,9
141,3
417,6
262,7
468,3
228,4
321,3
61,3
61,3
480,2
2,3
141,3
95,9
229,8
321,3
115,3
380,9
153,2
443,9
44,0
61,0
443,3
394,3
159,8
482,0
463,3
280,2
61,3
469,3
199,6
95,6
443,7
122,6
356,9
326,8
61,6
94,6
321,3
426,3
122,9
461,3
262,8
61,3
62,6
394,3
46,6
234,8
368,6
159,6
241,2
382,4
124,1
261,6
159,8
61,3
356,0
345,3
472,3
68,3
305,7
356,3
321,3
61,3
153,1
61,3
394,0
443,6
489,2
468,9
356,6
111,6
257,3
262,8
480,2
94,7
62,6
262,2
460,7
60,6
234,7
356,0
257,3
465,3
93,2
61,6
225,3
122,3
307,6
356,9
240,3
122,6
308,6
485,6
356,9
415,0
62,6
356,0
475,3
417,7
262,8
61,6
468,3
468,3
159,9
468,6
162,0
356,9
122,3
262,8
122,3
443,3
356,9
61,3
199,6
122,6
443,0
262,8
159,8
356,9
356,9
315,0
229,8
356,9
224,1
489,2
0,6
122,6
468,3
345,3
356,6
159,8
356,0
455,3
356,3
211,2
95,3
320,8
356,9
417,1
159,0
61,3
147,3
109,6
331,3
394,3
453,9
397,6
374,3
270,5
394,3
401,3
61,9
62,6
492,6
266,2
443,7
110,9
61,3
377,7
394,0
35,3
468,3
94,6
173,6
356,9
159,8
61,3
451,6
229,8
61,3
485,3
482,6
122,6
356,9
443,3
61,7
443,7
356,9
417,3
262,8
443,3
482,3
61,3
321,3
61,3
468,0
240,6
468,3
354,6
15,3
61,3
35,3
395,2
262,8
347,3
380,9
443,3
454,9
199,9
356,9
262,8
196,3
262,8
258,8
356,3
394,8
262,8
407,7
252,3
290,7
356,9
159,8
159,8
39,8
122,6
159,8
61,7
158,9
320,8
494,1
77,3
56,3
443,6
421,6
465,3
61,3
443,3
61,3
356,9
56,2
356,9
46,6
356,3
61,3
356,9
356,9
252,0
61,3
122,6
379,9
361,3
443,3
468,3
356,9
356,6
361,2
356,3
443,3
121,3
24,6
159,8
260,6
345,3
159,8
195,8
279,7
61,0
262,8
394,6
162,7
95,8
468,3
394,0
443,6
218,9
122,3
394,8
229,8
135,3
159,8
258,8
14,6
262,8
394,6
354,6
229,8
262,8
354,3
468,8
482,2
44,3
159,8
174,3
122,5
317,0
251,3
228,4
356,9
61,3
407,4
159,8
34,9
39,9
199,6
94,6
394,3
482,3
356,9
355,2
419,2
356,9
4,9
61,3
61,8
482,0
61,3
356,3
354,3
159,8
480,3
421,4
16,6
428,2
356,9
122,6
262,8
240,3
122,6
153,1
444,9
257,3
320,8
394,9
443,7
356,9
360,3
452,6
468,0
443,7
468,2
262,8
41,6
159,8
354,6
385,6
468,9
469,9
394,3
61,9
247,6
428,0
61,0
122,6
307,6
486,6
432,1
356,6
394,3
356,9
62,6
428,0
61,3
452,3
181,6
428,3
61,3
61,3
95,7
468,3
394,3
199,6
334,8
365,0
468,3
61,3
394,0
94,3
95,9
21,2
61,6
394,3
39,3
320,8
61,6
356,9
60,6
61,0
400,5
27,2
159,8
262,8
162,3
356,6
443,6
262,8
247,0
159,8
316,9
321,1
468,3
356,9
468,8
385,6
356,6
0,6
345,3
485,3
321,7
443,7
187,2
356,9
411,9
10,7
468,3
321,3
356,9
394,6
10,3
284,9
61,7
262,8
10,1
356,3
480,8
262,8
62,3
414,3
247,7
199,6
356,3
284,3
345,3
356,9
321,0
356,9
61,3
394,3
444,2
356,9
379,9
468,3
442,2
46,9
135,6
41,6
356,0
356,9
270,9
94,6
356,9
321,3
493,5
215,3
356,9
356,3
122,6
159,8
281,2
62,6
443,6
280,7
443,3
91,6
345,3
356,9
240,0
356,9
386,6
122,6
356,9
209,2
40,0
109,3
262,8
240,7
61,3
87,0
469,9
356,3
377,6
130,4
222,2
80,0
61,3
394,3
61,3
198,3
442,2
61,3
262,8
258,8
227,6
199,6
77,0
492,6
61,0
61,3
193,1
469,6
122,3
159,8
68,3
394,9
361,2
61,3
356,6
39,6
60,3
382,4
394,3
443,4
94,6
147,3
356,9
61,0
443,7
356,9
394,3
468,6
174,6
257,0
360,6
61,9
379,9
356,9
262,8
443,6
122,6
356,9
394,3
262,8
321,3
247,6
443,3
35,0
394,3
394,3
356,3
443,3
356,3
61,3
61,7
61,3
414,7
49,3
483,6
46,6
340,2
315,6
61,3
55,6
356,9
265,7
24,6
420,9
356,9
356,9
199,6
61,7
394,3
122,3
400,7
0,6
356,6
356,9
159,8
125,3
2,6
443,3
465,3
162,6
356,9
46,6
158,0
483,6
356,9
61,3
355,3
394,3
443,8
46,3
176,6
356,9
58,9
443,3
288,9
356,9
61,6
321,3
356,9
468,3
258,8
61,3
72,3
199,6
354,6
356,9
44,3
195,8
356,0
61,6
381,0
279,3
122,6
356,6
394,8
443,0
159,8
228,9
445,6
356,6
61,4
417,3
315,9
469,7
262,8
159,8
240,3
159,8
26,3
416,6
394,3
238,7
394,3
262,8
240,6
356,9
307,6
356,3
356,0
150,6
159,8
87,1
394,7
468,6
443,4
443,2
122,6
363,6
61,7
61,3
252,3
443,2
122,6
443,2
356,9
61,3
394,6
356,8
159,5
356,9
394,3
147,3
61,7
61,6
258,8
468,3
396,6
356,9
240,7
315,3
356,9
55,2
426,3
356,9
394,9
50,9
262,8
356,3
468,3
87,3
443,8
455,3
159,8
122,6
394,6
159,8
215,3
15,3
159,8
61,4
394,0
356,9
354,6
61,3
375,8
159,8
262,8
394,3
122,6
356,9
267,0
258,8
356,9
480,3
61,3
159,8
61,0
356,9
100,9
93,3
315,3
468,3
356,9
262,5
443,3
95,3
68,6
356,9
61,3
61,3
345,3
308,6
417,5
375,8
428,4
257,3
443,7
468,9
135,6
356,9
489,2
159,8
356,9
147,7
199,6
247,6
316,2
356,9
394,6
61,0
468,3
253,5
279,3
209,2
23,0
159,3
262,7
262,8
39,6
56,3
62,9
35,0
262,8
354,6
394,3
61,3
321,1
159,8
356,9
159,8
356,9
394,3
443,3
290,2
356,9
468,3
147,3
321,1
394,3
262,8
93,3
60,7
37,3
61,3
428,2
475,3
321,1
443,6
394,6
56,9
61,7
61,8
61,3
56,4
394,3
159,8
468,3
51,3
61,3
468,3
199,6
159,8
87,6
356,9
443,0
46,6
468,3
262,8
356,9
61,6
2,7
0,3
468,3
482,3
356,9
39,6
109,3
122,6
262,8
468,3
262,8
443,0
262,8
39,9
356,9
61,3
122,6
122,6
122,6
394,6
39,8
258,8
360,6
356,3
394,3
122,6
468,9
159,8
345,3
135,6
61,8
356,3
258,8
480,9
61,3
159,8
356,8
468,3
356,6
375,8
443,3
394,3
221,8
407,7
159,8
356,3
187,2
159,7
209,9
443,2
2,3
224,2
140,9
61,3
356,9
61,0
61,3
321,3
356,9
159,8
345,3
37,7
356,9
159,8
62,6
258,8
468,3
171,1
95,3
244,2
95,6
159,8
61,6
159,8
340,3
485,6
61,2
356,3
62,6
0,6
143,3
195,8
255,3
443,6
240,3
61,3
98,3
62,6
262,8
356,9
2,3
394,0
61,3
361,2
2,3
356,3
199,6
266,6
159,8
2,6
187,2
394,3
21,9
174,6
224,1
394,0
209,3
468,6
46,6
87,3
345,7
336,6
356,9
262,8
297,0
122,6
421,2
442,0
94,6
94,6
61,3
356,9
361,0
61,9
394,7
48,3
78,8
145,2
199,6
61,2
418,6
122,3
394,6
442,2
451,3
78,8
259,8
262,8
122,6
258,8
443,6
379,9
141,3
95,0
388,8
289,3
88,8
394,3
56,9
115,1
215,3
321,3
159,8
61,9
356,6
153,1
308,6
356,9
87,6
159,8
394,3
356,9
35,3
61,6
159,8
356,9
62,6
443,5
122,6
95,0
356,9
61,7
61,3
442,2
356,6
122,6
321,3
394,3
61,6
44,3
356,3
228,3
262,8
407,1
194,3
443,0
215,3
480,2
480,2
199,6
307,6
463,9
2,0
240,9
262,8
0,6
258,8
240,0
262,8
407,2
356,9
468,8
196,0
262,8
271,7
159,8
122,6
345,0
468,3
61,8
308,6
122,6
356,9
394,3
356,9
61,3
61,6
381,0
95,6
7,8
135,6
87,3
321,3
159,8
394,0
262,8
444,2
407,2
439,6
262,8
170,6
356,9
428,3
282,6
262,8
485,2
46,9
252,3
419,2
264,3
35,3
35,0
394,3
468,8
61,3
443,0
159,8
308,6
443,6
39,3
262,8
385,6
61,3
35,0
159,8
381,7
62,6
356,9
61,7
394,8
195,6
321,3
61,7
8,3
356,9
122,8
122,6
399,6
262,8
39,2
122,6
443,3
459,2
463,2
122,6
394,5
122,6
122,6
262,8
61,0
356,3
356,9
122,6
122,6
159,8
68,9
61,0
258,8
195,8
159,8
356,3
62,6
159,8
443,6
380,3
159,8
193,1
316,2
61,3
482,8
61,3
354,6
122,6
61,6
356,9
136,6
356,9
262,8
262,8
122,6
394,3
61,3
443,6
103,6
394,3
356,9
443,3
61,6
171,1
135,9
266,2
61,0
3,3
78,8
356,9
224,1
356,3
46,3
394,6
444,3
56,9
61,0
468,6
468,3
262,8
443,8
372,3
375,8
363,6
61,3
356,0
394,3
263,6
356,9
356,6
122,6
345,0
443,6
443,6
385,6
135,6
61,3
354,6
394,3
262,8
122,6
184,6
162,2
434,3
159,8
394,9
394,4
199,6
443,6
436,4
394,6
468,7
46,6
432,3
356,7
61,6
95,0
159,3
443,4
60,1
361,2
159,8
321,3
87,3
95,3
159,8
468,8
153,2
46,6
262,8
394,3
75,3
122,6
240,0
95,6
443,3
394,3
379,9
475,3
39,8
356,6
356,9
394,0
199,3
35,3
258,8
61,3
193,1
77,3
315,3
374,2
61,3
37,3
187,9
109,2
147,3
262,8
468,3
113,9
51,6
229,8
443,5
56,7
56,7
95,8
443,3
370,3
301,9
159,8
159,8
356,9
307,6
159,8
240,0
122,6
380,6
240,0
170,6
262,8
120,6
426,2
159,8
159,8
122,3
307,6
421,4
465,1
61,6
262,8
365,5
34,9
468,3
193,1
159,8
228,3
159,8
199,3
61,3
286,2
61,3
407,2
9,3
159,8
326,9
94,6
240,3
86,6
61,3
80,3
61,3
345,6
417,6
61,3
240,0
162,0
258,8
394,3
61,3
280,2
475,3
48,0
217,9
61,3
122,6
442,2
280,5
241,2
159,8
356,6
56,8
492,6
290,9
356,9
421,8
355,2
46,3
240,3
468,3
375,8
356,3
61,7
39,6
59,2
159,8
480,9
468,8
297,0
195,8
394,7
61,3
258,8
0,3
289,9
485,2
315,2
128,6
394,9
321,3
61,3
468,9
122,6
284,3
122,6
159,8
199,9
2,6
394,3
356,0
451,3
356,3
394,0
356,9
50,9
159,8
61,3
468,3
307,6
46,6
356,9
281,3
199,8
468,8
61,3
21,2
443,3
61,8
23,6
258,8
61,3
159,8
356,9
68,9
482,0
356,9
61,3
485,0
228,3
94,6
115,6
468,3
122,6
394,3
188,2
356,9
61,3
258,8
159,8
159,8
78,8
227,6
27,2
0,6
61,3
356,9
62,6
61,3
468,3
443,4
315,2
262,8
443,8
199,6
95,7
489,7
176,6
443,3
281,3
95,7
61,7
356,9
315,0
345,6
228,4
356,3
360,3
195,3
262,8
181,8
455,3
354,3
468,8
443,3
159,8
468,3
356,9
159,8
2,9
356,9
258,8
345,3
61,3
394,0
356,9
262,8
432,1
394,2
61,9
159,8
61,0
24,6
290,3
95,8
94,6
356,9
356,9
188,2
395,2
209,2
394,6
61,3
21,2
159,8
447,3
468,3
61,6
307,6
10,1
159,8
394,3
394,3
336,6
122,6
465,3
61,3
61,3
51,9
356,6
159,8
95,8
61,3
315,3
94,6
356,8
159,8
443,6
122,9
46,6
159,8
262,8
262,8
321,7
122,6
159,8
195,8
228,4
122,6
468,6
321,3
122,6
321,9
262,8
61,6
39,1
262,5
159,8
195,8
417,3
336,6
159,8
361,2
141,3
334,2
262,8
465,3
122,6
356,9
61,6
442,2
356,3
307,3
321,7
135,3
94,3
381,9
394,3
356,3
79,9
141,3
394,3
468,7
421,2
409,8
122,6
443,6
61,6
137,9
262,8
0,6
394,3
62,6
56,0
321,3
159,8
281,3
61,3
465,0
345,3
417,0
394,3
61,3
207,6
94,6
262,8
468,6
39,9
356,9
117,8
61,0
61,6
356,9
159,8
375,8
385,6
159,8
485,2
62,6
78,6
159,8
262,8
61,6
2,6
365,3
356,9
321,6
32,9
68,9
356,9
158,3
247,3
61,7
356,9
61,3
86,6
162,9
122,6
159,3
228,3
468,3
356,9
262,8
394,3
451,1
307,6
356,9
356,9
159,8
321,1
297,3
159,8
443,7
262,8
37,3
262,8
91,3
347,3
159,9
258,8
61,3
61,3
289,3
443,9
62,6
122,6
394,0
356,9
365,9
492,9
261,6
61,3
122,6
356,9
321,3
483,3
62,3
61,5
159,8
416,6
61,3
443,7
159,8
61,3
0,6
240,3
289,7
122,6
244,2
356,0
443,3
75,3
371,9
468,6
468,3
77,3
419,2
78,8
262,8
62,6
61,0
356,9
262,8
308,9
468,3
443,0
61,3
356,6
75,3
394,3
285,3
321,3
379,9
159,8
443,3
133,3
27,2
100,9
240,3
302,7
468,8
443,3
356,3
199,6
46,3
356,9
122,6
426,3
480,9
115,6
468,2
262,8
120,3
321,6
356,9
93,6
356,9
115,9
61,3
419,2
159,8
356,9
468,3
484,6
95,2
394,3
336,6
0,3
379,9
231,3
394,3
354,3
356,9
262,8
262,8
379,9
482,2
61,3
159,8
394,1
442,2
262,8
356,3
61,8
262,8
240,6
455,3
356,9
356,3
394,3
195,8
61,6
443,4
394,6
468,8
356,3
321,3
159,8
316,2
77,3
356,9
421,2
356,9
394,3
62,6
262,8
407,2
356,9
61,3
77,3
61,3
353,6
356,6
61,3
122,6
148,2
328,3
115,9
228,4
468,3
468,7
122,6
173,6
356,3
468,5
321,3
356,9
87,3
480,3
61,0
297,6
70,8
394,0
0,3
209,2
61,6
377,0
262,3
379,9
307,6
117,4
61,2
61,7
103,7
61,6
356,9
262,8
199,6
443,3
262,8
62,6
68,9
141,7
443,2
228,3
34,9
356,9
159,8
28,3
46,3
443,3
307,6
122,3
61,3
199,6
199,6
354,6
61,0
257,4
262,8
199,6
279,6
115,9
356,6
316,4
132,6
356,9
356,6
262,8
262,8
361,2
171,3
394,3
195,8
262,8
61,3
159,8
61,3
356,3
141,3
199,6
356,2
419,3
209,2
394,3
356,6
122,6
379,9
262,8
258,8
159,8
258,8
384,3
61,3
87,9
62,6
240,0
258,8
394,7
159,8
356,3
0,3
468,3
356,9
485,2
468,3
262,8
443,2
361,9
153,2
240,0
262,8
468,8
432,2
262,8
2,3
321,3
159,8
421,2
356,9
87,3
468,3
159,8
61,3
465,0
39,3
356,3
356,8
262,8
356,9
356,6
122,6
444,0
468,9
159,8
429,9
262,8
356,9
361,4
87,2
455,6
122,6
284,3
61,0
43,2
159,8
442,2
257,8
345,3
39,6
356,8
356,6
442,2
395,3
39,8
109,0
159,8
394,3
321,3
443,2
135,6
486,6
74,8
251,3
321,3
122,6
94,6
394,3
356,9
141,3
262,8
354,6
95,3
394,6
394,8
345,3
122,6
356,9
262,8
428,3
61,3
443,7
284,6
468,3
356,9
432,2
61,8
289,8
356,9
262,8
262,9
262,8
122,6
61,6
322,3
443,2
450,2
46,5
61,3
280,8
28,8
331,3
122,6
122,6
261,3
61,0
195,8
262,6
46,6
321,3
486,6
67,3
372,3
61,2
468,3
141,3
394,8
240,3
122,6
467,2
443,0
321,8
444,6
159,8
159,8
87,6
122,6
375,8
356,9
77,7
289,3
394,3
61,0
87,2
468,3
356,9
394,6
262,8
94,6
358,3
176,6
443,9
228,3
356,9
95,9
75,3
262,8
356,3
87,3
171,1
61,3
307,6
55,7
61,3
258,9
122,6
468,8
61,7
61,3
229,8
61,3
321,6
61,3
394,3
93,3
122,6
374,0
219,3
61,7
394,3
468,3
174,6
262,8
356,9
356,9
115,6
159,8
61,3
142,6
483,6
482,6
122,6
228,7
356,9
147,6
356,8
16,3
122,6
262,8
122,2
356,9
262,8
394,3
284,1
468,3
394,3
21,3
61,3
93,3
255,2
228,8
356,9
443,0
345,0
122,6
356,9
487,6
75,7
394,6
451,3
159,8
190,3
162,9
61,3
159,8
259,8
302,3
394,2
229,6
103,5
468,3
61,7
356,9
173,3
61,5
378,3
356,9
56,3
61,3
61,3
228,7
468,3
159,8
115,6
195,8
61,3
101,8
231,3
468,3
294,9
122,6
61,3
175,3
262,8
262,8
228,4
65,2
61,6
103,6
396,2
130,4
443,3
78,8
166,3
61,8
21,2
262,8
122,3
159,8
56,2
486,6
159,8
78,8
159,8
356,9
56,6
199,6
394,0
228,0
40,1
257,3
379,9
258,8
61,3
262,8
321,1
443,3
482,3
483,6
465,3
396,3
486,6
174,6
61,0
356,6
468,7
56,5
61,6
159,8
356,9
122,6
468,3
356,9
61,3
289,2
394,3
77,3
199,3
305,2
482,3
171,1
356,9
337,9
141,9
356,0
2,3
431,6
159,8
262,8
174,9
61,3
39,9
394,6
442,2
258,8
35,3
92,6
251,3
379,3
262,8
356,9
356,6
61,3
443,1
262,8
279,9
482,0
356,9
297,0
345,3
394,1
262,8
356,3
361,9
228,4
260,8
468,3
367,0
459,2
308,6
61,3
382,4
2,3
358,2
80,6
262,8
262,8
262,8
356,9
359,9
39,3
480,0
262,8
61,3
78,8
467,3
195,8
258,8
468,3
122,6
240,3
61,3
321,3
356,9
122,6
379,3
159,8
321,7
115,6
315,7
308,6
93,9
61,0
258,8
468,3
61,0
394,3
419,3
443,9
195,8
61,3
443,3
468,2
297,0
55,3
159,8
5,6
443,4
262,8
61,3
381,7
122,6
122,7
262,8
61,3
356,9
262,8
61,7
452,6
258,0
87,3
331,3
56,6
78,8
356,9
482,3
394,3
195,8
61,3
443,3
356,9
228,4
356,9
394,3
443,7
214,9
485,3
61,3
417,0
240,3
364,1
199,3
356,9
61,3
262,8
0,3
61,5
443,2
262,8
356,6
308,6
308,9
417,3
459,2
95,9
463,9
61,3
56,3
61,3
228,2
0,3
184,5
307,6
258,8
394,3
356,9
62,3
262,8
394,6
94,1
62,6
262,8
109,7
122,6
321,1
61,9
468,3
61,3
421,2
356,9
61,0
443,3
321,1
484,0
443,2
61,3
262,8
356,9
352,9
61,3
135,6
443,3
77,3
465,3
0,6
356,9
258,8
62,6
240,7
379,2
61,6
159,8
269,6
262,8
407,2
258,8
380,3
356,9
443,1
61,3
356,9
122,8
475,3
394,8
75,3
297,0
61,3
468,7
356,9
268,4
443,3
444,3
228,4
468,8
443,9
240,6
61,3
443,9
379,2
356,9
122,6
128,9
159,8
262,8
6,7
379,3
468,5
61,0
61,3
356,9
61,3
144,3
356,9
356,3
56,0
443,3
321,3
159,8
356,9
356,9
443,3
26,9
209,9
262,8
421,4
356,9
159,8
61,6
356,9
147,3
394,3
262,8
356,6
356,3
363,6
61,3
443,9
135,6
159,8
159,8
71,2
122,6
62,6
381,7
356,9
277,1
258,0
262,8
173,6
469,2
315,3
262,8
394,3
356,9
443,0
356,9
39,8
356,9
372,3
262,8
321,0
356,9
308,6
482,0
39,8
122,2
159,8
334,3
325,2
195,8
394,0
356,9
199,6
489,2
356,9
257,3
87,3
354,6
257,6
61,3
78,8
443,6
289,0
394,3
321,2
61,3
356,9
162,2
71,2
310,8
377,8
75,3
262,8
321,0
356,9
61,9
50,9
262,8
159,8
174,6
207,6
356,9
61,3
122,6
356,9
168,0
252,0
162,3
356,8
122,6
244,2
115,6
26,3
354,3
62,6
61,3
159,8
61,0
195,3
159,8
262,8
61,2
443,6
394,3
61,0
345,7
413,8
62,6
39,3
147,3
394,3
61,3
228,4
61,3
159,8
61,5
443,3
159,8
61,6
159,8
248,6
394,9
45,3
61,3
94,6
61,0
94,6
465,6
37,3
356,3
87,2
356,9
0,6
229,6
61,8
122,3
228,4
482,3
443,3
159,8
240,0
297,3
262,8
168,9
432,2
159,8
394,3
262,8
345,6
77,0
356,7
356,9
0,1
199,3
262,8
443,9
46,6
262,8
122,6
2,7
356,9
61,3
77,0
158,6
61,3
122,6
492,6
162,2
407,2
176,6
258,5
356,3
356,9
61,7
44,6
156,2
61,0
61,8
428,5
236,9
465,3
72,6
39,8
61,3
437,4
356,3
356,3
443,3
394,3
468,3
356,9
0,6
139,0
94,6
493,7
61,3
159,8
159,8
71,2
62,6
226,3
262,9
356,9
354,3
262,8
365,5
61,3
122,6
141,0
35,9
56,9
258,8
321,1
46,6
21,2
122,6
159,8
468,3
159,8
356,9
122,6
389,3
321,3
394,3
356,9
354,6
360,6
240,3
321,3
356,0
354,6
443,6
122,6
336,6
465,3
62,6
159,8
321,3
122,8
61,3
61,3
61,6
417,3
262,8
159,8
468,3
39,8
159,8
262,8
262,8
394,6
228,8
61,6
336,6
61,3
26,8
289,3
336,3
443,3
122,6
159,8
228,4
344,9
61,6
61,3
262,8
356,9
262,8
61,3
468,7
356,3
262,8
159,8
93,3
321,0
61,2
159,8
195,8
328,3
475,0
105,0
61,3
356,9
493,2
0,4
443,2
290,0
61,3
94,6
347,6
61,3
356,9
56,3
199,6
61,6
122,3
468,5
14,3
262,8
62,6
341,2
356,9
61,7
468,3
356,9
426,2
61,3
122,6
159,8
361,2
61,8
159,8
321,1
468,3
320,8
95,7
355,2
252,3
61,7
463,3
62,6
482,3
90,2
379,7
475,6
443,3
159,8
356,9
159,8
159,8
122,6
46,6
35,3
46,3
21,3
15,2
61,6
159,8
26,3
262,8
61,0
415,2
443,4
356,0
355,7
115,6
122,6
443,5
24,1
258,8
394,3
444,6
174,6
62,8
468,6
356,3
61,3
363,1
394,3
61,9
356,9
228,4
61,3
61,3
35,3
493,7
61,3
428,7
262,8
159,8
117,0
87,2
466,2
321,1
382,4
468,3
78,8
61,3
61,0
61,9
491,8
486,6
321,3
109,3
258,8
159,8
174,6
468,3
61,0
394,3
122,6
356,9
468,7
308,6
44,6
39,3
20,6
46,6
159,5
480,3
262,8
258,8
394,0
61,0
354,3
469,3
308,6
61,0
61,3
443,3
159,8
159,8
61,0
443,3
234,0
77,3
482,9
465,3
262,8
61,3
468,7
356,3
195,8
356,9
394,6
135,6
468,3
61,0
174,6
489,0
75,3
356,6
281,3
159,8
321,1
209,2
61,3
262,8
61,3
61,9
262,8
2,3
482,2
404,6
356,9
80,3
356,9
321,3
356,6
229,8
61,0
468,3
412,8
61,6
225,3
372,8
159,8
262,8
159,8
141,0
159,8
468,3
331,3
61,3
356,9
61,3
356,9
258,8
483,6
394,6
122,6
61,3
480,7
159,8
183,6
273,2
356,9
195,8
394,3
262,8
394,0
93,4
207,6
421,2
417,3
61,3
61,3
361,2
443,3
360,3
442,2
360,6
356,9
56,9
56,3
2,3
427,3
279,3
228,9
87,3
321,3
78,8
61,0
356,9
468,0
258,8
122,7
159,8
61,6
199,3
61,3
159,8
159,8
356,3
198,2
330,2
61,6
356,9
187,2
394,3
176,6
394,3
394,3
443,3
61,3
61,3
115,6
321,3
61,3
159,8
345,3
356,9
356,0
356,9
199,6
228,3
355,3
284,6
61,3
480,3
229,3
61,3
394,0
252,3
87,9
2,7
375,3
78,8
75,0
262,8
136,6
194,0
97,6
258,8
122,6
360,6
356,3
228,3
356,9
122,6
360,3
356,9
321,3
308,6
407,2
462,9
382,4
319,3
468,3
87,3
159,8
61,3
94,6
356,9
195,8
228,4
135,6
159,8
229,8
195,8
356,9
61,3
95,6
417,3
61,6
356,9
61,6
115,6
61,3
159,8
159,8
443,4
400,6
488,9
61,3
94,6
356,9
281,2
61,3
356,6
356,9
195,8
356,7
61,3
76,9
468,3
355,3
421,9
48,0
428,4
394,3
87,3
356,9
61,0
394,3
94,6
182,9
379,9
199,6
227,6
432,2
8,3
135,6
199,6
443,3
61,3
115,0
334,6
360,6
61,3
451,9
199,6
263,3
35,3
122,6
468,0
480,6
468,3
5,3
122,6
468,3
307,6
240,3
394,3
240,3
159,8
228,7
449,3
464,9
61,3
482,2
361,2
114,9
328,6
468,3
61,3
480,7
62,0
199,6
417,7
394,0
61,9
432,2
295,9
0,3
480,3
436,3
262,8
467,2
356,3
356,9
35,2
61,3
189,9
443,2
262,8
46,6
356,6
262,8
356,9
356,9
159,8
61,3
315,6
356,9
39,3
262,8
60,8
356,9
443,6
321,1
228,4
0,6
443,3
135,6
61,6
468,3
238,9
61,3
61,7
356,0
61,0
154,9
122,0
237,8
61,0
61,3
293,9
356,9
356,9
94,3
443,4
321,9
126,6
62,3
259,8
61,3
61,3
262,8
227,6
61,6
39,6
61,3
356,9
356,3
77,3
443,2
228,4
356,9
356,9
356,3
468,3
107,3
199,6
262,8
443,8
61,0
360,0
61,6
356,9
355,0
94,6
394,9
468,8
356,9
470,6
262,8
170,9
443,2
60,2
455,3
262,8
356,9
451,8
368,9
115,6
443,2
28,2
46,6
356,3
262,8
39,3
375,8
77,0
356,9
356,9
321,3
61,9
356,9
174,6
159,8
262,8
262,8
77,3
62,3
468,3
62,3
394,3
276,9
468,6
262,8
305,2
61,3
258,8
207,6
159,8
235,8
468,1
356,9
258,8
159,3
71,2
159,8
443,3
356,9
321,9
356,9
159,8
94,6
443,3
468,3
356,9
68,9
428,0
421,2
443,7
356,9
356,9
61,7
123,9
241,2
61,3
356,9
259,8
356,9
227,6
159,8
199,6
199,3
262,8
61,8
26,6
356,9
39,9
122,6
159,8
394,0
159,0
94,6
394,3
46,9
158,3
356,9
228,4
61,3
258,8
417,3
394,3
308,6
61,3
87,2
426,6
356,9
13,0
122,6
227,6
468,8
482,8
94,6
61,3
443,6
356,9
468,3
75,0
356,6
468,3
321,0
61,6
62,6
199,6
469,3
356,9
262,8
262,8
61,3
163,3
424,2
468,3
240,6
159,8
128,3
305,2
61,6
309,1
159,8
394,0
61,2
321,3
24,3
109,9
228,4
356,9
159,8
89,9
61,9
46,6
62,6
78,8
345,3
71,2
262,8
394,8
356,4
284,2
35,3
61,6
356,9
356,9
81,3
262,8
159,8
394,3
231,3
35,3
394,3
61,3
394,3
95,6
356,9
356,9
122,6
356,9
204,9
443,3
468,8
394,0
159,8
356,9
394,3
199,3
122,9
258,8
162,9
484,9
122,7
0,6
77,6
228,4
347,3
361,9
443,3
48,3
228,3
122,6
262,8
468,0
75,0
252,3
262,8
319,3
335,3
262,8
468,0
432,9
485,2
356,3
356,9
432,1
228,4
61,3
199,6
493,6
61,9
61,3
193,1
48,3
419,2
414,9
356,9
356,9
48,3
356,6
325,6
379,9
394,3
356,9
41,6
394,2
443,3
159,8
308,3
443,3
356,9
419,9
61,3
419,9
122,6
122,3
228,4
61,3
394,3
262,8
61,6
61,3
122,3
61,3
356,9
184,6
195,8
262,8
308,6
61,3
384,3
199,9
451,3
262,8
321,3
159,8
394,3
336,6
159,8
159,8
284,9
122,6
414,3
468,3
264,3
407,2
468,3
320,8
0,3
262,8
419,3
174,7
122,6
173,6
0,6
356,3
356,6
356,9
159,8
61,3
62,6
61,3
46,6
195,8
122,3
61,5
77,5
39,6
61,3
407,7
394,3
262,8
195,8
375,3
37,3
77,0
395,0
250,9
21,9
390,3
321,1
336,6
159,8
61,6
61,0
46,6
122,6
356,9
159,8
356,9
437,4
356,9
61,9
311,9
394,3
356,9
262,8
356,9
39,4
251,6
56,3
262,8
159,8
61,6
421,5
468,3
262,8
46,3
262,8
468,3
159,8
26,2
77,8
336,3
95,6
159,8
141,0
159,8
257,8
33,9
356,9
61,3
394,6
61,3
21,2
356,9
468,3
356,9
39,9
262,8
419,9
39,9
394,3
354,3
342,9
321,1
122,6
354,6
62,6
146,0
61,3
394,3
61,6
122,3
394,2
61,9
356,3
61,6
303,6
122,6
61,0
356,9
61,6
109,9
61,6
159,8
416,6
360,3
394,3
262,1
61,3
61,7
122,3
228,0
354,6
61,6
361,1
159,8
379,9
356,9
400,6
62,3
61,3
394,3
258,8
240,3
356,9
300,6
35,7
71,2
159,8
159,8
231,3
60,0
262,8
356,9
354,6
259,8
14,3
394,3
61,6
356,9
407,2
122,6
360,3
321,1
61,3
374,2
356,9
321,9
103,6
29,9
87,7
391,9
356,9
78,8
61,6
122,2
159,8
15,6
159,8
443,2
356,6
266,6
93,3
467,3
443,3
354,6
321,3
381,0
75,3
126,1
442,2
356,3
241,0
262,8
356,9
122,3
68,6
136,6
61,3
159,8
443,2
159,8
407,2
389,0
95,3
468,3
468,0
61,7
122,6
159,8
356,6
228,4
356,6
394,3
356,9
394,3
262,8
228,4
356,0
159,8
321,3
443,3
262,8
27,2
394,3
238,8
426,2
345,3
345,6
61,7
356,9
61,3
354,6
354,3
147,3
199,6
255,3
259,8
138,2
228,9
199,6
443,8
252,3
0,6
471,3
281,3
442,2
394,1
174,6
15,3
482,3
159,8
78,8
199,6
188,2
480,3
62,6
44,6
228,8
159,8
23,6
356,3
262,8
468,3
394,0
39,6
35,3
465,3
115,6
443,2
194,1
199,6
153,2
61,3
0,6
159,8
258,8
443,3
417,9
172,2
338,2
62,6
374,2
227,6
195,8
443,2
468,6
93,6
61,3
61,3
122,2
159,8
356,3
122,6
356,6
39,3
258,8
61,3
159,8
228,4
356,9
356,5
455,0
426,2
356,9
482,0
468,9
35,3
394,8
159,8
356,6
234,3
191,2
61,0
356,9
486,6
122,3
443,6
443,2
320,8
159,9
173,6
468,7
468,3
297,0
356,9
326,9
222,2
142,6
159,8
262,8
356,9
61,3
61,3
316,2
443,4
258,8
356,3
356,9
493,8
61,3
122,6
394,3
87,8
257,3
61,0
353,6
356,9
354,6
159,8
122,6
257,3
61,2
122,6
228,8
162,5
91,6
159,8
195,8
39,3
94,3
483,6
263,3
95,3
433,6
95,6
159,8
345,0
468,9
356,9
355,3
159,8
61,3
122,6
61,3
240,3
142,3
259,8
493,3
426,2
94,3
361,2
61,3
361,6
474,2
61,3
122,6
39,3
394,6
297,0
356,9
122,6
159,0
16,7
468,3
482,6
62,6
417,2
308,6
122,6
356,9
451,3
122,3
198,8
62,6
199,6
482,3
356,9
159,8
78,8
41,6
61,3
174,6
61,0
467,9
356,3
356,9
61,6
281,0
164,3
455,0
61,3
61,7
115,6
23,3
407,2
122,3
95,0
