landing_page_id,origin,mql_id
007f9098284a86ee80ddeb25d53e0af8,direct_traffic,1
007f9098284a86ee80ddeb25d53e0af8,display,2
007f9098284a86ee80ddeb25d53e0af8,organic_search,16
007f9098284a86ee80ddeb25d53e0af8,other,1
007f9098284a86ee80ddeb25d53e0af8,paid_search,44
007f9098284a86ee80ddeb25d53e0af8,referral,1
007f9098284a86ee80ddeb25d53e0af8,unknown,1
01850876d34b43494b5f9879c366877b,unknown,1
0218f6be0b76aca72ab4d00ee9e8cf10,direct_traffic,5
0218f6be0b76aca72ab4d00ee9e8cf10,display,1
0218f6be0b76aca72ab4d00ee9e8cf10,organic_search,20
0218f6be0b76aca72ab4d00ee9e8cf10,paid_search,13
0218f6be0b76aca72ab4d00ee9e8cf10,referral,4
0218f6be0b76aca72ab4d00ee9e8cf10,social,1
0218f6be0b76aca72ab4d00ee9e8cf10,unknown,4
03c7c0ace395d80182db07ae2c30f034,organic_search,1
04a75b75d5f4f3a16b0178fbe382da00,unknown,1
061c3918f72d289ee93d5d8a06c15c2e,organic_search,2
061c3918f72d289ee93d5d8a06c15c2e,paid_search,1
0625ca637bf063abf254a66fe91fa84b,organic_search,2
0625ca637bf063abf254a66fe91fa84b,referral,1
081b0e629b3899db213a23bc4e58a17d,social,1
08940bbad6e96fc4e620f2d9a00b1db4,organic_search,2
090ffa1062e6dde353c36524563acefc,organic_search,3
09949e05e2c5fa4ba780fe27213bc575,display,3
09949e05e2c5fa4ba780fe27213bc575,organic_search,1
09949e05e2c5fa4ba780fe27213bc575,referral,1
099ddda4feb08e89c402f2d38ca94b2e,unknown,1
0a252e869424c89cf3608e07399b61f6,unknown,1
0a946f83fbafa9ebf3d1c1083a6d865b,direct_traffic,1
0b353d6bc27566f1d238313c33d95f56,organic_search,3
0b353d6bc27566f1d238313c33d95f56,paid_search,4
0b37d43dbde6452cdd94c17bf61a88e4,direct_traffic,7
0b37d43dbde6452cdd94c17bf61a88e4,email,1
0b37d43dbde6452cdd94c17bf61a88e4,organic_search,15
0b37d43dbde6452cdd94c17bf61a88e4,paid_search,3
0b37d43dbde6452cdd94c17bf61a88e4,referral,1
0b9430edcbf2d9a95148c806af2b6699,organic_search,4
0b9430edcbf2d9a95148c806af2b6699,paid_search,3
0b9430edcbf2d9a95148c806af2b6699,referral,1
0b9430edcbf2d9a95148c806af2b6699,unknown,1
0c83f57c786a0b4a39efab23731c7ebc,unknown,4
0d43fc5a5096c416d3b7b492564293da,organic_search,4
0d5837d82188e547040314b5db344a0c,unknown,1
0d6bc3c00e4e64927cae2e8d9c6a0b9b,paid_search,3
0e5a178e3cd2368607f3e72f46140476,direct_traffic,2
0e5a178e3cd2368607f3e72f46140476,email,12
0e5a178e3cd2368607f3e72f46140476,organic_search,2
0e5a178e3cd2368607f3e72f46140476,unknown,5
0edc241702f5e6c046cbdbc4b5ef6a13,organic_search,1
0f25be78376bbbaba8553051e980b83c,direct_traffic,1
0f25be78376bbbaba8553051e980b83c,organic_search,5
0f25be78376bbbaba8553051e980b83c,paid_search,5
0f25be78376bbbaba8553051e980b83c,referral,1
0f25be78376bbbaba8553051e980b83c,social,1
0f7f8ed9a1db8fc2a42e273972db10d4,display,1
0f7f8ed9a1db8fc2a42e273972db10d4,organic_search,1
0f7f8ed9a1db8fc2a42e273972db10d4,paid_search,7
10f5ac17ed7d6ee9a7d737ac1d2fcb32,email,2
111313f5b9ceedf17ab5af7317a9f9bc,direct_traffic,1
111313f5b9ceedf17ab5af7317a9f9bc,email,1
111313f5b9ceedf17ab5af7317a9f9bc,organic_search,6
111313f5b9ceedf17ab5af7317a9f9bc,paid_search,1
111313f5b9ceedf17ab5af7317a9f9bc,social,1
111313f5b9ceedf17ab5af7317a9f9bc,unknown,1
120ad10683075526ee1b3b00489dafec,direct_traffic,2
120ad10683075526ee1b3b00489dafec,email,9
120ad10683075526ee1b3b00489dafec,other,1
120ad10683075526ee1b3b00489dafec,paid_search,1
120ad10683075526ee1b3b00489dafec,referral,1
128d8c3f32b8aa66b5bcbe4e26dfc78d,email,5
128d8c3f32b8aa66b5bcbe4e26dfc78d,organic_search,2
128d8c3f32b8aa66b5bcbe4e26dfc78d,referral,2
128d8c3f32b8aa66b5bcbe4e26dfc78d,social,1
128d8c3f32b8aa66b5bcbe4e26dfc78d,unknown,1
13fa6688e41e863dcbfdb4c6112c4c86,unknown,1
142187f4dbc5f5dc401d35e896ad29f1,organic_search,1
146e076b71a6ca8c31b34191182a313a,unknown,1
149878f8f96bf77a1a69f88519a8fe99,unknown,1
151d5575a642287261af4311d569e07c,unknown,1
154e7506c0176dc761f19fa0cb4988c4,other,1
154e7506c0176dc761f19fa0cb4988c4,unknown,8
15cf89bab2c3163b4f9d8601d108f8b2,direct_traffic,5
15cf89bab2c3163b4f9d8601d108f8b2,display,1
15cf89bab2c3163b4f9d8601d108f8b2,email,1
15cf89bab2c3163b4f9d8601d108f8b2,organic_search,29
15cf89bab2c3163b4f9d8601d108f8b2,other,1
15cf89bab2c3163b4f9d8601d108f8b2,paid_search,1
15cf89bab2c3163b4f9d8601d108f8b2,referral,1
15cf89bab2c3163b4f9d8601d108f8b2,social,1
15cf89bab2c3163b4f9d8601d108f8b2,unknown,1
166fa7410ac1923b2cf2680f79e08850,unknown,1
1694e838dffa97f640fcfa35e86e438e,organic_search,9
1694e838dffa97f640fcfa35e86e438e,referral,3
16d718d40146b50ca7a8a045f1b06834,organic_search,1
16d718d40146b50ca7a8a045f1b06834,paid_search,1
1722481ac9e5371e5099dea226b5421d,direct_traffic,2
1722481ac9e5371e5099dea226b5421d,display,1
1722481ac9e5371e5099dea226b5421d,email,2
1722481ac9e5371e5099dea226b5421d,organic_search,36
1722481ac9e5371e5099dea226b5421d,other,1
1722481ac9e5371e5099dea226b5421d,other_publicities,1
1722481ac9e5371e5099dea226b5421d,paid_search,15
1722481ac9e5371e5099dea226b5421d,referral,2
1722481ac9e5371e5099dea226b5421d,social,12
1722481ac9e5371e5099dea226b5421d,unknown,14
1754aa3138d36ccc989ffa4362719181,direct_traffic,1
1754aa3138d36ccc989ffa4362719181,display,1
186132bda8b5f41c7dc834d063745d19,paid_search,6
19f7d64c187f64e4c089786e84510ff2,unknown,1
1b29d3a0b89bc8da6df20e98dfac86f4,email,1
1baca9df5850e5ba75545d8b2eb8d966,direct_traffic,1
1baca9df5850e5ba75545d8b2eb8d966,email,1
1baca9df5850e5ba75545d8b2eb8d966,organic_search,3
1baca9df5850e5ba75545d8b2eb8d966,paid_search,6
1c19071a49fd2b43d0d4df3ff05c19c4,organic_search,1
1ceb590cd1e00c7ee95220971f82693d,organic_search,12
1ceb590cd1e00c7ee95220971f82693d,other_publicities,1
1ceb590cd1e00c7ee95220971f82693d,paid_search,52
1ceb590cd1e00c7ee95220971f82693d,social,1
1ceb590cd1e00c7ee95220971f82693d,unknown,5
1d298480a2f10b8c7527eeb6fcf1df97,organic_search,1
1d4ddc25ccaa2adeded340b6eda66182,direct_traffic,2
1d4ddc25ccaa2adeded340b6eda66182,organic_search,8
1d4ddc25ccaa2adeded340b6eda66182,paid_search,1
1d83f02bfc05b6715ef428ee0ccd78be,organic_search,1
1e884e3078d9978e216a027ecd57fb34,direct_traffic,1
1e884e3078d9978e216a027ecd57fb34,unknown,3
1ec5f5ec77c51a968271b2ca9862907d,organic_search,1
1ec5f5ec77c51a968271b2ca9862907d,paid_search,2
1ec5f5ec77c51a968271b2ca9862907d,social,1
1ec5f5ec77c51a968271b2ca9862907d,unknown,1
1ee8e9027201b4aead6b5c6fa7846eee,paid_search,1
1f2ef44bd62ca960c9391166cae6fd3c,email,1
1f2ef44bd62ca960c9391166cae6fd3c,other_publicities,1
1f2ef44bd62ca960c9391166cae6fd3c,social,1
20267f479a91ac26c09f83ae13adfa1e,unknown,1
214b0943d4ad794c4086cf7e38785ef2,direct_traffic,1
214b0943d4ad794c4086cf7e38785ef2,email,1
214b0943d4ad794c4086cf7e38785ef2,organic_search,2
214b0943d4ad794c4086cf7e38785ef2,paid_search,1
214b0943d4ad794c4086cf7e38785ef2,referral,2
21a104c3279681d9856b8a48723c4fee,direct_traffic,6
21a104c3279681d9856b8a48723c4fee,email,8
21a104c3279681d9856b8a48723c4fee,organic_search,14
21a104c3279681d9856b8a48723c4fee,other,1
21a104c3279681d9856b8a48723c4fee,other_publicities,1
21a104c3279681d9856b8a48723c4fee,paid_search,3
21a104c3279681d9856b8a48723c4fee,referral,3
21a104c3279681d9856b8a48723c4fee,social,2
21a104c3279681d9856b8a48723c4fee,unknown,9
21aa3161ecfcb855e82c0ef1ebdf410d,unknown,1
2204d1cf0ec6a0cf20f7342e99d88ec8,unknown,1
22218292bcb562cf33f2342d57952479,email,2
22218292bcb562cf33f2342d57952479,unknown,1
2228a43ac0bc372e25f9569e69fc9015,direct_traffic,1
2228a43ac0bc372e25f9569e69fc9015,display,1
2228a43ac0bc372e25f9569e69fc9015,email,3
2228a43ac0bc372e25f9569e69fc9015,organic_search,3
2228a43ac0bc372e25f9569e69fc9015,paid_search,6
2228a43ac0bc372e25f9569e69fc9015,referral,1
2228a43ac0bc372e25f9569e69fc9015,social,2
2228a43ac0bc372e25f9569e69fc9015,unknown,3
22c29808c4f815213303f8933030604c,direct_traffic,105
22c29808c4f815213303f8933030604c,display,4
22c29808c4f815213303f8933030604c,email,11
22c29808c4f815213303f8933030604c,organic_search,495
22c29808c4f815213303f8933030604c,other,5
22c29808c4f815213303f8933030604c,other_publicities,9
22c29808c4f815213303f8933030604c,paid_search,124
22c29808c4f815213303f8933030604c,referral,56
22c29808c4f815213303f8933030604c,social,33
22c29808c4f815213303f8933030604c,unknown,41
241f79c7a8fe0270f4fb79fcbbcd17ad,direct_traffic,3
241f79c7a8fe0270f4fb79fcbbcd17ad,email,1
241f79c7a8fe0270f4fb79fcbbcd17ad,organic_search,12
241f79c7a8fe0270f4fb79fcbbcd17ad,paid_search,90
241f79c7a8fe0270f4fb79fcbbcd17ad,referral,1
241f79c7a8fe0270f4fb79fcbbcd17ad,social,1
241f79c7a8fe0270f4fb79fcbbcd17ad,unknown,1
245b65531b938a173db059ad8f034482,organic_search,1
24d866dcbe66afe0feee5936c5d54cac,email,1
253c51690efe34b79a8e2b516effa8cc,direct_traffic,1
253c51690efe34b79a8e2b516effa8cc,email,4
2635743d5842a4475730345cf894efce,unknown,1
270c9837c3b21fb83bee9224f701f3aa,organic_search,1
27cd3540bace1f4a4b2bc6d319b0553c,direct_traffic,1
27cd3540bace1f4a4b2bc6d319b0553c,organic_search,6
27cd3540bace1f4a4b2bc6d319b0553c,other_publicities,1
27cd3540bace1f4a4b2bc6d319b0553c,paid_search,6
27cd3540bace1f4a4b2bc6d319b0553c,unknown,11
282cb66cf00adbf96a4486eb4cb2431c,paid_search,1
294ce16d2b3c2186a805f26aa8de3ebc,social,1
298895230612f85f0742434fc434ad10,email,11
2b3ba77df5d7657e8c515a1c74155b99,organic_search,1
2b3ba77df5d7657e8c515a1c74155b99,paid_search,1
2cae266d756f8688d24bf43c5b5d9d84,unknown,1
2e84ebc35438eb47630f2fae4218c9c7,social,1
2f08471dfb83baef522f952438a36f6e,direct_traffic,4
2f08471dfb83baef522f952438a36f6e,organic_search,11
2f08471dfb83baef522f952438a36f6e,paid_search,4
2f08471dfb83baef522f952438a36f6e,referral,2
2feec85dc487b235304e69f08fed3a39,unknown,1
30077c17f2ec5010a82e37ad8925b95f,direct_traffic,12
30077c17f2ec5010a82e37ad8925b95f,email,2
30077c17f2ec5010a82e37ad8925b95f,organic_search,21
30077c17f2ec5010a82e37ad8925b95f,other_publicities,1
30077c17f2ec5010a82e37ad8925b95f,paid_search,3
30077c17f2ec5010a82e37ad8925b95f,referral,4
30077c17f2ec5010a82e37ad8925b95f,social,2
30077c17f2ec5010a82e37ad8925b95f,unknown,3
30534107aa0013db92899c96a1017d0b,direct_traffic,1
30534107aa0013db92899c96a1017d0b,organic_search,1
30534107aa0013db92899c96a1017d0b,paid_search,1
30534107aa0013db92899c96a1017d0b,social,34
30c86954adc2eec0f2589a8bfc4c573f,unknown,1
313edefdee4adcd34e8cbec1854ba5a9,direct_traffic,2
313edefdee4adcd34e8cbec1854ba5a9,email,2
313edefdee4adcd34e8cbec1854ba5a9,organic_search,4
313edefdee4adcd34e8cbec1854ba5a9,paid_search,1
31aa231b755f09653f48e41c110c8860,organic_search,2
320669df6e03fc8a691a1a4c61c56a32,unknown,1
3207d4688de4e0e721272756dd4339b8,other_publicities,1
3251617f7f52477cfa4689dae4c10322,organic_search,1
32d0cd3623c4eab3ededbe84943049d2,organic_search,1
33009ff58323b15ce24eba767675f434,paid_search,4
330b9d44078a1ae5a221d655dcb77afa,direct_traffic,3
330b9d44078a1ae5a221d655dcb77afa,display,3
330b9d44078a1ae5a221d655dcb77afa,email,17
330b9d44078a1ae5a221d655dcb77afa,organic_search,23
330b9d44078a1ae5a221d655dcb77afa,other,1
330b9d44078a1ae5a221d655dcb77afa,paid_search,6
330b9d44078a1ae5a221d655dcb77afa,referral,3
330b9d44078a1ae5a221d655dcb77afa,social,2
330b9d44078a1ae5a221d655dcb77afa,unknown,5
336d5ebc5436534e61d16e63ddfca327,social,1
33751088e4687d1b6b2424b9e5e67979,unknown,1
33d93d27f43d86b4a7e89186936d8c6c,email,1
33d93d27f43d86b4a7e89186936d8c6c,unknown,1
346137f3e0157d94372d1cafc5675908,organic_search,1
346137f3e0157d94372d1cafc5675908,paid_search,3
34c9ef8fb69f256ff66add711305d279,paid_search,2
358adb2fee9a122549618e46925a00a5,direct_traffic,1
358adb2fee9a122549618e46925a00a5,email,1
358adb2fee9a122549618e46925a00a5,organic_search,8
358adb2fee9a122549618e46925a00a5,other,1
358adb2fee9a122549618e46925a00a5,other_publicities,1
358adb2fee9a122549618e46925a00a5,paid_search,3
358adb2fee9a122549618e46925a00a5,unknown,5
35c9b150ab36fe584c1f24fd458c453a,direct_traffic,1
35c9b150ab36fe584c1f24fd458c453a,display,1
35c9b150ab36fe584c1f24fd458c453a,organic_search,7
35c9b150ab36fe584c1f24fd458c453a,paid_search,47
35c9b150ab36fe584c1f24fd458c453a,referral,1
35c9b150ab36fe584c1f24fd458c453a,social,1
35c9b150ab36fe584c1f24fd458c453a,unknown,1
36120633c8737035fbabf079082f4ec1,direct_traffic,7
36120633c8737035fbabf079082f4ec1,email,1
36120633c8737035fbabf079082f4ec1,organic_search,15
36120633c8737035fbabf079082f4ec1,paid_search,15
36120633c8737035fbabf079082f4ec1,referral,5
36120633c8737035fbabf079082f4ec1,social,9
36120633c8737035fbabf079082f4ec1,unknown,7
36137eeb4bf9b5f4054c5b83bef611fa,unknown,1
36525851387908b96e770b1ce5d79a43,paid_search,4
36525851387908b96e770b1ce5d79a43,social,1
3683ba5726e741af4b8b02bcaef4e7b3,organic_search,1
36b6e21a46b7b35a459bed735785772a,organic_search,1
37145c5650a33da9e6b2df70ae1aec80,other,1
37145c5650a33da9e6b2df70ae1aec80,unknown,2
3757ed31bc4b61f9e108bd871822c0c6,social,1
375e354da26e8619e407002dde41f19c,unknown,1
37cf94070e940a694969304de58debe1,organic_search,4
37cf94070e940a694969304de58debe1,other_publicities,1
37cf94070e940a694969304de58debe1,paid_search,4
37cf94070e940a694969304de58debe1,referral,2
37cf94070e940a694969304de58debe1,unknown,2
382c8bbbcb0aab881c1a340d390b5e32,direct_traffic,1
386ab4223b463542f214d97a27247329,direct_traffic,1
38addfd5b0598e69bfa843b9c85c9a19,organic_search,1
3a21003b9294a4eec831bac080494843,organic_search,1
3aea860a87895eee6b72f666b3d7b98a,unknown,1
3b86d7e8c33da2767ad2af9782f383d5,direct_traffic,2
3b86d7e8c33da2767ad2af9782f383d5,email,3
3b86d7e8c33da2767ad2af9782f383d5,organic_search,5
3b86d7e8c33da2767ad2af9782f383d5,other,1
3b86d7e8c33da2767ad2af9782f383d5,paid_search,2
3b86d7e8c33da2767ad2af9782f383d5,referral,1
3b86d7e8c33da2767ad2af9782f383d5,unknown,4
3b9715bd3b57ba1727acec71ed308568,unknown,1
3c3d58faafc86beae6e757f1470ce9f0,paid_search,1
3c46fdd071e979b10c7a2ccc395e72f0,unknown,1
3c5cc1a2e1d86abfce2a16a1bcc80e26,display,1
3c5cc1a2e1d86abfce2a16a1bcc80e26,organic_search,2
3c5cc1a2e1d86abfce2a16a1bcc80e26,paid_search,1
3c5cc1a2e1d86abfce2a16a1bcc80e26,unknown,1
3cc38c43666a7f2faedf74d0d718ba94,unknown,1
3cd2a8301d5395f21cdd3094c9eaa2f4,direct_traffic,3
3cd2a8301d5395f21cdd3094c9eaa2f4,display,1
3cd2a8301d5395f21cdd3094c9eaa2f4,organic_search,1
3cd2a8301d5395f21cdd3094c9eaa2f4,paid_search,33
3cd2a8301d5395f21cdd3094c9eaa2f4,unknown,4
3d75f6dd34b968151b3e86c9e28f1379,unknown,1
3e2dbc66617ded5ca6a69bdb3a354d4a,direct_traffic,1
3e2dbc66617ded5ca6a69bdb3a354d4a,other,1
3e2dbc66617ded5ca6a69bdb3a354d4a,social,1
3e3371f8470ce094c7c82c09b7bd59d9,unknown,1
3f3196b43b4af9aafbe878f6a1bbc7bd,unknown,1
3fd71e7e6cf64921740567dcfefb68cf,email,1
3fd71e7e6cf64921740567dcfefb68cf,organic_search,1
3fd71e7e6cf64921740567dcfefb68cf,paid_search,1
40acf2a9cf2fe4de391609431f40dfb7,email,1
40acf2a9cf2fe4de391609431f40dfb7,organic_search,1
40dec9f3d5259a3d2dbcdab2114fae47,direct_traffic,5
40dec9f3d5259a3d2dbcdab2114fae47,email,5
40dec9f3d5259a3d2dbcdab2114fae47,organic_search,57
40dec9f3d5259a3d2dbcdab2114fae47,other_publicities,2
40dec9f3d5259a3d2dbcdab2114fae47,paid_search,241
40dec9f3d5259a3d2dbcdab2114fae47,referral,8
40dec9f3d5259a3d2dbcdab2114fae47,social,5
40dec9f3d5259a3d2dbcdab2114fae47,unknown,7
425a9f1cd945cb291c58c4212654eb8d,direct_traffic,1
425a9f1cd945cb291c58c4212654eb8d,unknown,1
42a2a1be58277f162c18bad69bcc544f,display,3
42a2a1be58277f162c18bad69bcc544f,organic_search,2
42a2a1be58277f162c18bad69bcc544f,paid_search,1
431a558885d03bf98bc3747f78cdfab7,email,1
431a558885d03bf98bc3747f78cdfab7,organic_search,1
431a558885d03bf98bc3747f78cdfab7,unknown,1
447cabeecc99dc245cb42be7122cba9e,display,1
447cabeecc99dc245cb42be7122cba9e,organic_search,1
447cabeecc99dc245cb42be7122cba9e,paid_search,1
44cb5e9f50dfa3b36e485b0f26c4fe5f,direct_traffic,1
4513838e626b499f475f9b488d177c55,organic_search,1
4513838e626b499f475f9b488d177c55,paid_search,5
4513838e626b499f475f9b488d177c55,unknown,1
46bbd1ad032b44f18f1fb613200965a0,paid_search,1
46bd119220c8bf61324669b1d82203ac,organic_search,1
46bd119220c8bf61324669b1d82203ac,other,4
46bd119220c8bf61324669b1d82203ac,referral,1
47a9f630d492167d7390ff23cf40dab6,unknown,1
47eeb9ed8fa40de028e33449896579a1,paid_search,1
489a340e7e59e0bcbec67b4a19c1b229,direct_traffic,1
489a340e7e59e0bcbec67b4a19c1b229,organic_search,1
489a340e7e59e0bcbec67b4a19c1b229,paid_search,2
4a295a87a340012cd5cb23cbb5e7461b,social,1
4aab772aeb9833c170d8ea5413e02eac,organic_search,5
4aab772aeb9833c170d8ea5413e02eac,paid_search,25
4aab772aeb9833c170d8ea5413e02eac,unknown,2
4b0974ddecd83fd34439a7312a609824,paid_search,6
4c4b6da00763e942beb82e36b58d4118,unknown,1
4c683c64df361d9d0ca0257aa0d80f49,email,1
4e24f6443807ad2eba56754b0dc91140,direct_traffic,1
4e33f301b88ec7f40f82be48344f7a4e,unknown,1
4e82dd1f6d00626bda0723eef0a269a6,direct_traffic,5
4e82dd1f6d00626bda0723eef0a269a6,organic_search,19
4e82dd1f6d00626bda0723eef0a269a6,referral,4
4e82dd1f6d00626bda0723eef0a269a6,unknown,2
4ed6bf4ac34e75c7c81fcf829d96b739,organic_search,1
4ed6bf4ac34e75c7c81fcf829d96b739,paid_search,2
5071a8a3ad132bdea8de85e0c90effd1,organic_search,1
50f87b85a731cec08d8380b08c573ed3,direct_traffic,1
50f87b85a731cec08d8380b08c573ed3,organic_search,1
515742ea988a44a8ca0ddc44ff92735f,email,1
51ecca024748b4439e473ec446c0bef5,direct_traffic,1
51ecca024748b4439e473ec446c0bef5,email,3
51ecca024748b4439e473ec446c0bef5,other,1
51ecca024748b4439e473ec446c0bef5,unknown,1
5209e2e679d32a6619feb6942702fd14,organic_search,14
5209e2e679d32a6619feb6942702fd14,paid_search,1
5209e2e679d32a6619feb6942702fd14,referral,1
5215a2f4c4cb554cb18c8de3b4f06df5,email,1
52a08c56d3b13cb6c8ce804776423e6b,unknown,1
5325ad032ef3e3d5e7dc9e1ec565fa23,paid_search,1
5342a9e3497ac934ce6a4e62086cfcca,organic_search,1
53afa44da0f77375f9ab54c9b8d61da8,organic_search,1
54d5e01ab35155d4bd8cf723fc6f04a0,display,5
54d5e01ab35155d4bd8cf723fc6f04a0,email,7
54d5e01ab35155d4bd8cf723fc6f04a0,organic_search,1
54d5e01ab35155d4bd8cf723fc6f04a0,referral,1
557cc18ae3b10b7fd35fbed2019910b1,unknown,1
5679ae2329cbad78cdf97737d11bad06,direct_traffic,1
5679ae2329cbad78cdf97737d11bad06,unknown,3
56be022a42b70a9b7e51755d3e3a4f22,email,1
57c63d5cb72265135f694bb785d474c3,organic_search,1
57d5edb1844a746128fd1274524b94c7,direct_traffic,1
57d5edb1844a746128fd1274524b94c7,organic_search,5
57d5edb1844a746128fd1274524b94c7,paid_search,1
57d5edb1844a746128fd1274524b94c7,social,1
57d5edb1844a746128fd1274524b94c7,unknown,1
58326e62183c14b0c03085c33b9fdc44,direct_traffic,5
58326e62183c14b0c03085c33b9fdc44,organic_search,9
58326e62183c14b0c03085c33b9fdc44,other,1
58326e62183c14b0c03085c33b9fdc44,other_publicities,2
58326e62183c14b0c03085c33b9fdc44,paid_search,2
58326e62183c14b0c03085c33b9fdc44,referral,5
58326e62183c14b0c03085c33b9fdc44,social,464
58326e62183c14b0c03085c33b9fdc44,unknown,7
5870b76c7b4ff735e08214a63fdbbecf,unknown,1
58c77ebccfe901ecb02789124bee6608,unknown,1
58f8c0a253663304e348e81298bc255e,direct_traffic,3
58f8c0a253663304e348e81298bc255e,email,6
58f8c0a253663304e348e81298bc255e,organic_search,4
58f8c0a253663304e348e81298bc255e,other_publicities,1
58f8c0a253663304e348e81298bc255e,paid_search,2
58f8c0a253663304e348e81298bc255e,referral,2
58f8c0a253663304e348e81298bc255e,unknown,4
5950e5dfc73454c6d83969bb09ba7fcd,organic_search,1
5963a9ba5d6c9af62cba5a9ac76f263d,organic_search,1
59d346b461701840a8ff44a94710704c,organic_search,1
5b4fa71a2749f25fe9703a7987301c23,organic_search,1
5b893796c1ea6486bc0cc23a0a0fa11b,email,1
5b893796c1ea6486bc0cc23a0a0fa11b,organic_search,1
5bc6da5f353093c37734eddd2eafc993,direct_traffic,1
5bc6da5f353093c37734eddd2eafc993,unknown,1
5c517d06e51b50ae51785450e0b806d5,direct_traffic,1
5c6c41289f4d77b9b32fb6a5e2106edb,organic_search,1
5c6c41289f4d77b9b32fb6a5e2106edb,other_publicities,1
5c6c41289f4d77b9b32fb6a5e2106edb,paid_search,3
5c6c41289f4d77b9b32fb6a5e2106edb,unknown,1
5ce25abc7206b8285aa756867eb2c590,display,8
5ce25abc7206b8285aa756867eb2c590,organic_search,1
5ce25abc7206b8285aa756867eb2c590,paid_search,2
5d85e946cb22385b94eef98af7f76cb1,email,1
5d85e946cb22385b94eef98af7f76cb1,organic_search,1
5da54625ee0a9560dc9b9b9f6ccb03d0,email,1
5da54625ee0a9560dc9b9b9f6ccb03d0,organic_search,2
5da54625ee0a9560dc9b9b9f6ccb03d0,paid_search,14
5dc848e7dd9418dffe183215b8ff0bc1,direct_traffic,1
5dc848e7dd9418dffe183215b8ff0bc1,organic_search,4
5dc848e7dd9418dffe183215b8ff0bc1,paid_search,31
5dc848e7dd9418dffe183215b8ff0bc1,referral,3
5dc848e7dd9418dffe183215b8ff0bc1,unknown,2
5e63931027e6805374c67e5988189028,organic_search,1
5ecb50153794666e90bc04c0076b7834,paid_search,10
5f8ff9510f85e3e9dcb1d74965bf8d48,organic_search,2
5f8ff9510f85e3e9dcb1d74965bf8d48,referral,1
5fdaba20ee1cd0194652abb51479ddf9,referral,1
6018a468a00de93ac9bee91950c6a3d8,social,1
603522877eb261ca56f4222c9a6f1db3,direct_traffic,1
607cb942712956d9e5cca504365378c0,paid_search,1
607cb942712956d9e5cca504365378c0,social,2
60877a8e7a44a3ad9fe1af9359efa0dd,unknown,1
60ea0bbb4ee471b6b99e8b892847a8db,organic_search,1
60ea0bbb4ee471b6b99e8b892847a8db,paid_search,1
616767b0bfb0a97510747d8bbcc40290,organic_search,1
616767b0bfb0a97510747d8bbcc40290,other_publicities,1
616767b0bfb0a97510747d8bbcc40290,paid_search,3
6265f632e27ca4d14268e0cb91ebc4a4,organic_search,1
6265f632e27ca4d14268e0cb91ebc4a4,paid_search,1
62a620c9f1f5dbe99651c2c9e369cbb0,email,3
62a620c9f1f5dbe99651c2c9e369cbb0,organic_search,1
6323b8a5b98bfda127cb1cdfd4a40fbb,email,4
6323b8a5b98bfda127cb1cdfd4a40fbb,unknown,1
63355b003224fe06badbd9de99644792,email,7
63355b003224fe06badbd9de99644792,other_publicities,1
638d98a3871a7670e644fa1b69111fab,unknown,1
639b8856a99f6e208406b764ba5a7be5,organic_search,1
63a22f10d1d63d25eaf970d6a9c9df2a,email,2
6404292b0f9a5594edf14be71ce4c221,unknown,1
64078d75b35c1df83ebde92c7babe9d4,direct_traffic,1
64078d75b35c1df83ebde92c7babe9d4,display,6
64078d75b35c1df83ebde92c7babe9d4,organic_search,2
645b2f3e4380afe5121a2a90ca732c74,direct_traffic,1
645b2f3e4380afe5121a2a90ca732c74,display,1
645b2f3e4380afe5121a2a90ca732c74,organic_search,1
649b7b8b46b254497e92038d88f6ced8,organic_search,3
649b7b8b46b254497e92038d88f6ced8,paid_search,2
649b7b8b46b254497e92038d88f6ced8,social,57
6511fd3ad2fc59d7f907bf22b13d19e3,direct_traffic,1
6511fd3ad2fc59d7f907bf22b13d19e3,email,1
6511fd3ad2fc59d7f907bf22b13d19e3,organic_search,1
6511fd3ad2fc59d7f907bf22b13d19e3,referral,1
657e28a0f2bb6ac7755d08066847dae1,other,1
65c9e96d17d8d12bc0ad3b2cde0bb8b7,direct_traffic,1
65c9e96d17d8d12bc0ad3b2cde0bb8b7,email,3
65c9e96d17d8d12bc0ad3b2cde0bb8b7,organic_search,3
65c9e96d17d8d12bc0ad3b2cde0bb8b7,other,1
65c9e96d17d8d12bc0ad3b2cde0bb8b7,social,1
65d9f9d71e562365e8b44037c2888d98,direct_traffic,1
65d9f9d71e562365e8b44037c2888d98,email,1
65d9f9d71e562365e8b44037c2888d98,organic_search,23
65d9f9d71e562365e8b44037c2888d98,paid_search,64
65d9f9d71e562365e8b44037c2888d98,social,1
65d9f9d71e562365e8b44037c2888d98,unknown,5
66f0eb34b1d43f33779493fc31c5d131,unknown,1
67215f7bc6c2a85df0711d66d514a3d9,unknown,1
6744140b06a752fafd3c7e4937075ca8,unknown,1
67e4b3ca7fb7e6e1e24767b1a6df70fe,social,1
67f163b6f2baf0f12300d9efa4589e79,unknown,1
682c403426855d4a7612ff724efb404a,unknown,1
686e82dd914f82d16ef05415f4419d4f,unknown,1
68f817c510c978e3a3a7474ad2aeb75c,organic_search,2
68f817c510c978e3a3a7474ad2aeb75c,paid_search,9
6a005efe7039a488ef82720efba1d28e,social,1
6a110e795dd487f1cf8d7583671987af,email,12
6a110e795dd487f1cf8d7583671987af,organic_search,2
6a110e795dd487f1cf8d7583671987af,unknown,6
6a318eb72f69fe14f22c44abe23bdf53,paid_search,1
6b1061553497d45f6ac9d3386b648a4d,email,1
6b30a13289b856b66874b3838f177744,referral,1
6b6c0934205e87702519d1cce24055f9,unknown,2
6be62e2d792dfec1333ce271c9a1d906,unknown,1
6d3026b7dff03974a1e250d610ab8b36,organic_search,4
6d45066876e395f8fe89add37704b90d,direct_traffic,1
6dca9fc31d8a95cdbcfafcc307012768,unknown,1
6eb30e742d5ee0762fd726e9690c2a1a,unknown,1
6ec28268c0772b612a9bc42881b8a313,organic_search,1
6ec35d2451cfa0e2e1c8595ec4ad099d,direct_traffic,1
6fc06a95ee1be694d56a0172bc2306b9,social,1
6fe30070097d07349fb571579ce6c14e,email,3
6fe30070097d07349fb571579ce6c14e,organic_search,1
707541550a71b1e700bbd4cf90677923,organic_search,1
71ef148e8a549ba85ca27271a3a94c26,display,3
71ef148e8a549ba85ca27271a3a94c26,email,2
721e54f5ec9978339e69dd3601713456,organic_search,2
721e54f5ec9978339e69dd3601713456,paid_search,2
7259b9dc88dc397f8a98ab5ce6ce0ab7,organic_search,1
733adfe409c752b5c200bf23fa2f22d0,direct_traffic,1
733adfe409c752b5c200bf23fa2f22d0,organic_search,1
733adfe409c752b5c200bf23fa2f22d0,paid_search,11
733adfe409c752b5c200bf23fa2f22d0,unknown,1
73f31a40697cc90a86c1273563ac230e,direct_traffic,4
73f31a40697cc90a86c1273563ac230e,email,3
73f31a40697cc90a86c1273563ac230e,organic_search,24
73f31a40697cc90a86c1273563ac230e,other,64
73f31a40697cc90a86c1273563ac230e,other_publicities,1
73f31a40697cc90a86c1273563ac230e,paid_search,3
73f31a40697cc90a86c1273563ac230e,referral,6
73f31a40697cc90a86c1273563ac230e,social,5
73f31a40697cc90a86c1273563ac230e,unknown,5
73fec6021437e723ff5adae8dff89e23,organic_search,2
73fec6021437e723ff5adae8dff89e23,paid_search,3
73fec6021437e723ff5adae8dff89e23,social,19
758daa2c01d04b06f42a8aa819ad8d46,unknown,1
76d33b7836dd4396f9dd310392f570f8,organic_search,7
76d33b7836dd4396f9dd310392f570f8,referral,1
7773bf6b17a2c98e2604b3a402f3c050,paid_search,1
79a85ce81ddf5daa300bb137cd81bebd,organic_search,1
7b8106a8b4d2982573b70980cbb01e9d,direct_traffic,2
7b8106a8b4d2982573b70980cbb01e9d,organic_search,3
7b8106a8b4d2982573b70980cbb01e9d,other,1
7b8106a8b4d2982573b70980cbb01e9d,referral,2
7b8106a8b4d2982573b70980cbb01e9d,social,1
7c95c48a62175235a4f5f58ebdfbeec5,social,1
7cae0e79bdcf71dfd512f1100219fdbc,unknown,1
7e11885cec8e2f84909c7b365e255413,social,1
7eb40e4e44fef8bff604b621119446c7,display,1
7eb40e4e44fef8bff604b621119446c7,organic_search,1
7eb40e4e44fef8bff604b621119446c7,referral,2
7eb40e4e44fef8bff604b621119446c7,social,6
7eb40e4e44fef8bff604b621119446c7,unknown,1
7f5993cdb977063bc7584810b255bc92,paid_search,1
7fa6214d82e911d070f51ef79381b956,direct_traffic,22
7fa6214d82e911d070f51ef79381b956,organic_search,29
7fa6214d82e911d070f51ef79381b956,other,1
7fa6214d82e911d070f51ef79381b956,paid_search,9
7fa6214d82e911d070f51ef79381b956,referral,4
7fa6214d82e911d070f51ef79381b956,social,1
7fa6214d82e911d070f51ef79381b956,unknown,2
7fa6590e1b6cc9f17eb5cfdcfad63d50,direct_traffic,2
7fa6590e1b6cc9f17eb5cfdcfad63d50,email,5
7fdee983c737fb9d29dbd5c094136a97,unknown,1
80d35379df4ce2f5297acefc78f60907,unknown,2
82028478fef3ab881990e8d1fb24ba3a,email,8
8294e62844a66d67be57cfeaef455bad,organic_search,1
82bfb9f61deccae8b25c32c318b99f56,unknown,1
82ce7345d29d3003d376f9382fc0eba0,direct_traffic,1
82ce7345d29d3003d376f9382fc0eba0,organic_search,2
82ce7345d29d3003d376f9382fc0eba0,paid_search,7
82ce7345d29d3003d376f9382fc0eba0,referral,1
82ce7345d29d3003d376f9382fc0eba0,unknown,2
83157507fbc1ecbd1a32bf69812e8a16,paid_search,1
83355a82a9cee26f3ba2b186ddb0bbbe,unknown,1
8345a83d419160e69c0501b494dadfa6,unknown,1
83bfeb1d106df88a2cde0965999161f0,organic_search,5
83bfeb1d106df88a2cde0965999161f0,paid_search,1
83ccc33d426eab8a3db70bd15aba46b8,direct_traffic,5
83ccc33d426eab8a3db70bd15aba46b8,organic_search,12
83ccc33d426eab8a3db70bd15aba46b8,social,1
83f9898dfc5a0485fb93dd9f7f8bf482,other_publicities,1
83fb61eb103000456b0acbfa36c60ea8,other,1
8515f4df7468489ed6bced112f86e360,email,1
8515f4df7468489ed6bced112f86e360,organic_search,2
864a3926849a5f8043323b1a6ef0fb26,paid_search,2
872eb32141128a5320bfe7b8cf80fc14,direct_traffic,1
872eb32141128a5320bfe7b8cf80fc14,organic_search,13
872eb32141128a5320bfe7b8cf80fc14,other,2
872eb32141128a5320bfe7b8cf80fc14,paid_search,3
872eb32141128a5320bfe7b8cf80fc14,social,2
87732658ba41d8775e8577df347a64db,direct_traffic,2
87732658ba41d8775e8577df347a64db,email,1
87732658ba41d8775e8577df347a64db,other_publicities,1
87732658ba41d8775e8577df347a64db,paid_search,1
87732658ba41d8775e8577df347a64db,social,84
87732658ba41d8775e8577df347a64db,unknown,3
87780f7c05ecd79791bde76af663db15,other_publicities,1
87780f7c05ecd79791bde76af663db15,social,14
87780f7c05ecd79791bde76af663db15,unknown,1
87d670b00a8db612286ba8419cf82e83,organic_search,1
87d670b00a8db612286ba8419cf82e83,paid_search,8
87d670b00a8db612286ba8419cf82e83,social,1
87e8cbe800fd79c7109fb24081c1c31d,direct_traffic,1
87e8cbe800fd79c7109fb24081c1c31d,email,2
87e8cbe800fd79c7109fb24081c1c31d,organic_search,1
87e8cbe800fd79c7109fb24081c1c31d,paid_search,3
87e8cbe800fd79c7109fb24081c1c31d,unknown,2
88740e65d5d6b056e0cda098e1ea6313,direct_traffic,3
88740e65d5d6b056e0cda098e1ea6313,display,1
88740e65d5d6b056e0cda098e1ea6313,email,1
88740e65d5d6b056e0cda098e1ea6313,organic_search,7
88740e65d5d6b056e0cda098e1ea6313,other,2
88740e65d5d6b056e0cda098e1ea6313,other_publicities,4
88740e65d5d6b056e0cda098e1ea6313,paid_search,4
88740e65d5d6b056e0cda098e1ea6313,referral,3
88740e65d5d6b056e0cda098e1ea6313,social,413
88740e65d5d6b056e0cda098e1ea6313,unknown,7
891b03aa737ba5655affab01b01435c2,organic_search,2
891b03aa737ba5655affab01b01435c2,paid_search,1
898cd726567d811ec9166b950696f511,organic_search,2
8999524db83541c7f1ad48906d5d4b86,referral,1
8a003712c92f483cef1dcb70635ebc7a,email,3
8a003712c92f483cef1dcb70635ebc7a,paid_search,2
8b1eeb056311220fd13bb7bae8ebe596,direct_traffic,1
8baedb6d46227facee694be5d82f2926,other,1
8ca8a42a9a8f1c60580ffacb121cce69,paid_search,1
8d25d9ae4ed5f78b8614b81350173e99,organic_search,1
8d25d9ae4ed5f78b8614b81350173e99,other_publicities,1
8d25d9ae4ed5f78b8614b81350173e99,paid_search,2
8d25d9ae4ed5f78b8614b81350173e99,social,1
8d25d9ae4ed5f78b8614b81350173e99,unknown,1
8d912d37229efff168ceba5d640cc4a1,other,1
8d912d37229efff168ceba5d640cc4a1,paid_search,1
8d912d37229efff168ceba5d640cc4a1,referral,1
8dcb4a581ceca6be2399a15de4d39048,unknown,1
8e198e412a2bd69038a26b35656e52a4,email,1
8e1f60cfb4a7def895d8baf0eec1394e,unknown,1
8e3b5d566a45e76ba85c3a2e34428668,unknown,1
8edd4451e41e482b32035dd8e8400ff4,unknown,1
8f08d2ef8b9aec2ec5118fbcf7f96f11,display,1
8f08d2ef8b9aec2ec5118fbcf7f96f11,organic_search,1
8f08d2ef8b9aec2ec5118fbcf7f96f11,unknown,1
8fd4f7a7c343f7d0d31ae5faf51e839d,paid_search,1
8ff57dffc365fcb5233232fff6e6bfd0,direct_traffic,1
8ff57dffc365fcb5233232fff6e6bfd0,organic_search,8
8ff57dffc365fcb5233232fff6e6bfd0,paid_search,2
8ff57dffc365fcb5233232fff6e6bfd0,referral,2
8ff57dffc365fcb5233232fff6e6bfd0,unknown,2
908dad5b22342480f5cc055b8dd55e7e,email,3
908dad5b22342480f5cc055b8dd55e7e,organic_search,1
908dad5b22342480f5cc055b8dd55e7e,other,1
908dad5b22342480f5cc055b8dd55e7e,other_publicities,1
908dad5b22342480f5cc055b8dd55e7e,referral,2
908dad5b22342480f5cc055b8dd55e7e,social,2
909e333f8f23574f93115bd3d402e202,direct_traffic,2
909e333f8f23574f93115bd3d402e202,email,2
909e333f8f23574f93115bd3d402e202,organic_search,13
909e333f8f23574f93115bd3d402e202,social,3
909e333f8f23574f93115bd3d402e202,unknown,3
90ab6406c7a390e1c8aed08045676a91,paid_search,1
90b8b59c5597af1c719d701bddb575f2,social,1
91dbdf987124ca09b297bd87f06b5e64,direct_traffic,1
91dbdf987124ca09b297bd87f06b5e64,display,1
91dbdf987124ca09b297bd87f06b5e64,email,1
91dbdf987124ca09b297bd87f06b5e64,organic_search,4
91dbdf987124ca09b297bd87f06b5e64,paid_search,4
91dbdf987124ca09b297bd87f06b5e64,referral,1
91dbdf987124ca09b297bd87f06b5e64,social,1
91dbdf987124ca09b297bd87f06b5e64,unknown,3
92bd5f77d493a36dac9bddb66d1b9dbf,direct_traffic,1
92bd5f77d493a36dac9bddb66d1b9dbf,organic_search,5
92bd5f77d493a36dac9bddb66d1b9dbf,social,1
92df13aefec1a7292f606a4c7d4187bf,email,1
94472cf01c2c1ec24e24f5b0f9ca24a3,unknown,1
9496ccbb759ca86ff2b76adb4f7672a6,unknown,1
966098efaef7a4d665be6b0cb617541b,direct_traffic,1
966098efaef7a4d665be6b0cb617541b,display,1
966098efaef7a4d665be6b0cb617541b,email,1
966098efaef7a4d665be6b0cb617541b,organic_search,6
966098efaef7a4d665be6b0cb617541b,other,1
966098efaef7a4d665be6b0cb617541b,paid_search,1
966098efaef7a4d665be6b0cb617541b,referral,1
966098efaef7a4d665be6b0cb617541b,social,1
966098efaef7a4d665be6b0cb617541b,unknown,3
97338d2165e7d6d9bc1348573a405642,direct_traffic,2
97338d2165e7d6d9bc1348573a405642,email,1
97338d2165e7d6d9bc1348573a405642,organic_search,2
97338d2165e7d6d9bc1348573a405642,other,1
97338d2165e7d6d9bc1348573a405642,referral,1
97338d2165e7d6d9bc1348573a405642,social,1
97338d2165e7d6d9bc1348573a405642,unknown,1
97418c38e0c00de56ce63171626fd554,display,1
97a12252ce4b852ea74f6d41d009a44b,organic_search,1
97f34946d127e73fb33c3d86ecca344c,unknown,1
984c5278c0a8e3c75e41b90def1f2611,unknown,1
984caf5cd6531beb94e435db458b7cc9,unknown,1
994afe8f6fe288d2be458c71f784ca56,organic_search,1
99b00c6e27db383d844d1763dbcbfe06,direct_traffic,10
99b00c6e27db383d844d1763dbcbfe06,organic_search,5
99b00c6e27db383d844d1763dbcbfe06,paid_search,1
99b00c6e27db383d844d1763dbcbfe06,unknown,1
9a26036e9f038f248693cb8a5a1f1ddc,unknown,1
9b106865e464b4ad89b1b626f2c2e1d7,social,1
9c0962a42379157493ed685d19844388,paid_search,1
9c19bf493fb017f18387b466e26d6c5d,unknown,1
9cc4d8fda1533429ac126a2ddf4ebf11,organic_search,2
9cc4d8fda1533429ac126a2ddf4ebf11,referral,1
9d252fc65f999fc52b49b27d69c09450,paid_search,1
9d72960ad2cfeaa46192fa3dba4e498e,unknown,1
9df372c20395ad99d9cb43dfd84e305f,email,4
9df372c20395ad99d9cb43dfd84e305f,referral,1
9ee0e215ccb1661015e983e9e476dd0b,paid_search,1
9fa37f5177115156b1814ffc237402a6,organic_search,3
9fa37f5177115156b1814ffc237402a6,paid_search,31
9fa37f5177115156b1814ffc237402a6,social,1
9fa37f5177115156b1814ffc237402a6,unknown,1
a0fbc0263cb98bdb0d72b9f9f283a172,direct_traffic,1
a0fbc0263cb98bdb0d72b9f9f283a172,organic_search,3
a0fbc0263cb98bdb0d72b9f9f283a172,other_publicities,1
a0fbc0263cb98bdb0d72b9f9f283a172,paid_search,28
a0fbc0263cb98bdb0d72b9f9f283a172,unknown,3
a11c4a4b078821ac00177f52c59d9990,display,1
a2e36e3b44b3b692ac65005125f04db9,social,1
a3c42430cd0c931fc07c918979d8baeb,unknown,1
a3d84321c2ae810ea876baffd7ae050d,organic_search,1
a41b8b7318c4f42dbb65c277861ca89d,unknown,1
a5155c8274e4b6d13fe0db420a60a287,unknown,1
a56671a54260a44923d32c2f08fad39c,direct_traffic,2
a56671a54260a44923d32c2f08fad39c,email,4
a56671a54260a44923d32c2f08fad39c,organic_search,9
a56671a54260a44923d32c2f08fad39c,other,1
a56671a54260a44923d32c2f08fad39c,other_publicities,1
a56671a54260a44923d32c2f08fad39c,paid_search,5
a56671a54260a44923d32c2f08fad39c,referral,2
a56671a54260a44923d32c2f08fad39c,unknown,1
a5f7caba65f90d45005f62cb85bced39,email,5
a5f7caba65f90d45005f62cb85bced39,other,1
a5f7caba65f90d45005f62cb85bced39,paid_search,2
a5f7caba65f90d45005f62cb85bced39,unknown,1
a623837d6a3000b3cd020295728e8252,direct_traffic,1
a623837d6a3000b3cd020295728e8252,paid_search,1
a623837d6a3000b3cd020295728e8252,unknown,1
a6ad0162dbe1182cd73e783d0ec1ffcf,display,1
a6ad0162dbe1182cd73e783d0ec1ffcf,paid_search,1
a6ad0162dbe1182cd73e783d0ec1ffcf,unknown,1
a6daba667aa785424adbf4ae4848f753,organic_search,2
a77dcf0bf420ced5e37baae9b5daffa4,social,9
a7982125ff7aa3b2054c6e44f9d28522,direct_traffic,10
a7982125ff7aa3b2054c6e44f9d28522,display,27
a7982125ff7aa3b2054c6e44f9d28522,email,3
a7982125ff7aa3b2054c6e44f9d28522,organic_search,91
a7982125ff7aa3b2054c6e44f9d28522,paid_search,11
a7982125ff7aa3b2054c6e44f9d28522,referral,6
a7982125ff7aa3b2054c6e44f9d28522,social,2
a7982125ff7aa3b2054c6e44f9d28522,unknown,6
a841af0f710cf7e340d0d43626d2e568,organic_search,1
a850a8a187e36cb07a8d06700d141993,unknown,1
a95c02568fa55326e1cd3c09207ec4d1,paid_search,1
aa6c941b72ed890d9c43511f94bafab2,email,1
aa6c941b72ed890d9c43511f94bafab2,paid_search,1
aa8af3ebe14831a7cd1b6d1383a03755,social,1
aa8af3ebe14831a7cd1b6d1383a03755,unknown,5
aab63be06a8939d2a0aefdc8d8c2fdf0,organic_search,1
aafc43d934a043b451b1dc5a61943a6b,direct_traffic,1
aafc43d934a043b451b1dc5a61943a6b,email,1
aafc43d934a043b451b1dc5a61943a6b,organic_search,5
aafc43d934a043b451b1dc5a61943a6b,paid_search,1
ac7971b81b76ddd7341f4e89e1eb911e,social,1
acd502dc52a068d7c4014af6d5dbcd11,email,2
acd502dc52a068d7c4014af6d5dbcd11,organic_search,1
acd502dc52a068d7c4014af6d5dbcd11,paid_search,1
acd502dc52a068d7c4014af6d5dbcd11,social,2
aeac92c0f5ae22a04ed3b746cce3a1b6,organic_search,6
afff7cfc8b8e50b09fa8840a9cecd5dc,unknown,1
b06203ae0aa50dc524712b1f59c85fc1,paid_search,1
b16779a74f2b20eb9a17a785519f63a0,display,1
b16779a74f2b20eb9a17a785519f63a0,email,2
b16779a74f2b20eb9a17a785519f63a0,organic_search,3
b16779a74f2b20eb9a17a785519f63a0,paid_search,3
b16779a74f2b20eb9a17a785519f63a0,social,2
b21580ecd6fb023c6cfc3e83123a5983,organic_search,1
b217afa2c1f4cb502423005639878f6d,organic_search,4
b217afa2c1f4cb502423005639878f6d,other_publicities,1
b217afa2c1f4cb502423005639878f6d,paid_search,17
b221554b9ec12f7efb490488a053e8dc,unknown,1
b226889aa1cb9f4efb3c18343b7f07c0,email,2
b250fcac4a31f0677417f892ef87f02d,email,1
b2d69a58fe781b4a116be5368be17353,email,1
b2d69a58fe781b4a116be5368be17353,organic_search,1
b2f889d0e09c93c7cf240beef08ecdef,email,1
b3346ddd5d7b2edda306d8f531e58660,unknown,3
b34c567bf9cfa6ddc40b5b0d2d9c5bc7,unknown,1
b360f694e319be64b87987476137d1a2,unknown,1
b48ec5f3b04e9068441002a19df93c6c,direct_traffic,7
b48ec5f3b04e9068441002a19df93c6c,organic_search,38
b48ec5f3b04e9068441002a19df93c6c,paid_search,4
b48ec5f3b04e9068441002a19df93c6c,referral,2
b4b13997af4a7b7cf940ca44c88086a3,paid_search,1
b51b5a040fd76d72567c599481147956,email,1
b51b5a040fd76d72567c599481147956,organic_search,3
b51b5a040fd76d72567c599481147956,paid_search,1
b52be9379d67e7fbf3734111625cc017,direct_traffic,1
b52be9379d67e7fbf3734111625cc017,unknown,1
b55934770d56da868c9ae444e313caa4,social,1
b5740085c06d098b773bfb41b7122229,direct_traffic,1
b6168f7cc29e9a2b6d9e82df0e668a87,organic_search,1
b634a925e3768734c5b7b2325c88a082,unknown,1
b649e8f33e9c3b38af415a395a446552,paid_search,4
b6885f18d203a61176418c1fb3764815,email,1
b6885f18d203a61176418c1fb3764815,organic_search,15
b6885f18d203a61176418c1fb3764815,other_publicities,1
b6885f18d203a61176418c1fb3764815,paid_search,48
b6885f18d203a61176418c1fb3764815,unknown,2
b6cd08ac77c501fd6857f7916d2c24f3,direct_traffic,5
b6cd08ac77c501fd6857f7916d2c24f3,email,8
b6cd08ac77c501fd6857f7916d2c24f3,organic_search,7
b6cd08ac77c501fd6857f7916d2c24f3,referral,2
b6cd08ac77c501fd6857f7916d2c24f3,social,1
b76ef37428e6799c421989521c0e5077,direct_traffic,25
b76ef37428e6799c421989521c0e5077,display,3
b76ef37428e6799c421989521c0e5077,email,3
b76ef37428e6799c421989521c0e5077,organic_search,116
b76ef37428e6799c421989521c0e5077,other,2
b76ef37428e6799c421989521c0e5077,other_publicities,4
b76ef37428e6799c421989521c0e5077,paid_search,81
b76ef37428e6799c421989521c0e5077,referral,8
b76ef37428e6799c421989521c0e5077,social,13
b76ef37428e6799c421989521c0e5077,unknown,657
b817df3a69949ef27ed885bfcbfd5125,organic_search,3
b817df3a69949ef27ed885bfcbfd5125,unknown,1
b8cc49b19db5de8ec30f938aa3d916a9,email,1
b8cc49b19db5de8ec30f938aa3d916a9,organic_search,1
b8cc49b19db5de8ec30f938aa3d916a9,paid_search,1
b91e936ef19215572bb05977faae1d85,unknown,1
bdaeb752e5c3caa215ebe04c61e22325,direct_traffic,2
bdaeb752e5c3caa215ebe04c61e22325,organic_search,12
bdaeb752e5c3caa215ebe04c61e22325,paid_search,6
bdaeb752e5c3caa215ebe04c61e22325,unknown,1
bddebc4f4d44106c427bd00695840e64,direct_traffic,1
bddebc4f4d44106c427bd00695840e64,display,1
bddebc4f4d44106c427bd00695840e64,email,19
bddebc4f4d44106c427bd00695840e64,organic_search,1
bddebc4f4d44106c427bd00695840e64,other,2
bddebc4f4d44106c427bd00695840e64,other_publicities,1
bddebc4f4d44106c427bd00695840e64,paid_search,3
bddebc4f4d44106c427bd00695840e64,referral,1
bddebc4f4d44106c427bd00695840e64,unknown,3
be7f31219be243061a39a4a158898688,email,1
bfd05fa9f9fe2aedee539951a84f2aaf,display,1
bfd05fa9f9fe2aedee539951a84f2aaf,paid_search,11
bfd05fa9f9fe2aedee539951a84f2aaf,unknown,1
c016fd3539eb32d58ae4dca01b4a2061,display,1
c05f0fd41e79d7811221253e0d4eadc8,direct_traffic,2
c05f0fd41e79d7811221253e0d4eadc8,organic_search,4
c05f0fd41e79d7811221253e0d4eadc8,other_publicities,3
c05f0fd41e79d7811221253e0d4eadc8,referral,1
c05f0fd41e79d7811221253e0d4eadc8,unknown,3
c0f9e439226ea0373a7e3c0dfe71e4f9,organic_search,1
c0f9e439226ea0373a7e3c0dfe71e4f9,social,1
c0fa54bbdd331f215aa84b4dd86d7255,direct_traffic,2
c0fa54bbdd331f215aa84b4dd86d7255,organic_search,1
c0fb5b3c854a4b30334892c71faa13c2,paid_search,1
c0fb5b3c854a4b30334892c71faa13c2,unknown,2
c12c73f22a34ac35f2c45f74b55402b0,paid_search,1
c12c73f22a34ac35f2c45f74b55402b0,unknown,1
c1dbbbd410e1721a1932b550fdcef09b,organic_search,1
c2826f1fb1ca7c1b7c7b63c1018b8ba5,unknown,1
c2f7f172d3275d27cba772ab70ac3052,organic_search,8
c2f7f172d3275d27cba772ab70ac3052,social,2
c2fbb52ea85264169ad5109ee7775d06,direct_traffic,1
c30d0b4337fd05444a3fe502562508d1,direct_traffic,1
c30d0b4337fd05444a3fe502562508d1,email,7
c30d0b4337fd05444a3fe502562508d1,organic_search,3
c35447dcd1a50b2e2ee3184be602b597,organic_search,2
c35447dcd1a50b2e2ee3184be602b597,social,13
c39dcc27f640ca6303e0b82341c871c8,paid_search,1
c494978688ccf66ad9fad3d6a3338c22,direct_traffic,1
c494978688ccf66ad9fad3d6a3338c22,email,1
c494978688ccf66ad9fad3d6a3338c22,organic_search,3
c494978688ccf66ad9fad3d6a3338c22,paid_search,2
c494978688ccf66ad9fad3d6a3338c22,referral,2
c494978688ccf66ad9fad3d6a3338c22,social,2
c5516085d771ceb51e07f0a17b337bd7,organic_search,1
c555aa36478386fdf85a2d0ca5cd0ff8,direct_traffic,1
c555aa36478386fdf85a2d0ca5cd0ff8,email,4
c555aa36478386fdf85a2d0ca5cd0ff8,organic_search,4
c555aa36478386fdf85a2d0ca5cd0ff8,other,1
c555aa36478386fdf85a2d0ca5cd0ff8,paid_search,1
c555aa36478386fdf85a2d0ca5cd0ff8,referral,3
c555aa36478386fdf85a2d0ca5cd0ff8,unknown,23
c6f28f804cf6330e6de735ef6e6fe95c,display,1
c6f28f804cf6330e6de735ef6e6fe95c,organic_search,5
c6f28f804cf6330e6de735ef6e6fe95c,paid_search,3
c6f28f804cf6330e6de735ef6e6fe95c,social,1
c6f28f804cf6330e6de735ef6e6fe95c,unknown,2
c70eb6fb5bd6e939b0d5ef32f21f61e8,direct_traffic,9
c70eb6fb5bd6e939b0d5ef32f21f61e8,organic_search,2
c70eb6fb5bd6e939b0d5ef32f21f61e8,paid_search,1
c70eb6fb5bd6e939b0d5ef32f21f61e8,referral,4
c70eb6fb5bd6e939b0d5ef32f21f61e8,unknown,3
c754e5846c791d26b1c34070c41adf6e,other,9
c754e5846c791d26b1c34070c41adf6e,paid_search,1
c77d415d635d56706858140ae4354e45,organic_search,1
c797693346e9dcf3275d3e40bc3ddc1d,organic_search,2
c79bafc4a099ff23e3bab1534797fb45,organic_search,1
c79bafc4a099ff23e3bab1534797fb45,paid_search,17
c8d7b5ac22b15ae22e689d1227db8d96,paid_search,1
c9d51cd2248b6329851dea905f8f1fac,organic_search,1
ca2cd580bff13775c778f128c7db2b41,social,1
caef563a428392ddc7807d2a529413b9,direct_traffic,2
caef563a428392ddc7807d2a529413b9,organic_search,3
caef563a428392ddc7807d2a529413b9,referral,1
caef563a428392ddc7807d2a529413b9,social,1
cb049134a163b197ad8f8df03af26d63,organic_search,1
cb049134a163b197ad8f8df03af26d63,social,1
cb15e297b291d8ef88f2f477defaab2d,unknown,1
cc99b45713ce89a0a569e36be200e8ca,unknown,1
ce1542c96eaf50155d494300c7bfceb3,paid_search,1
ce1a65abd0973638f1c887a6efcfa82d,direct_traffic,46
ce1a65abd0973638f1c887a6efcfa82d,display,6
ce1a65abd0973638f1c887a6efcfa82d,email,8
ce1a65abd0973638f1c887a6efcfa82d,organic_search,232
ce1a65abd0973638f1c887a6efcfa82d,other,2
ce1a65abd0973638f1c887a6efcfa82d,other_publicities,2
ce1a65abd0973638f1c887a6efcfa82d,paid_search,51
ce1a65abd0973638f1c887a6efcfa82d,referral,18
ce1a65abd0973638f1c887a6efcfa82d,social,15
ce1a65abd0973638f1c887a6efcfa82d,unknown,14
ce7bafe02f8fb1a3f15f52a9c239d0ef,direct_traffic,1
ce7bafe02f8fb1a3f15f52a9c239d0ef,email,3
ce7bafe02f8fb1a3f15f52a9c239d0ef,organic_search,3
ce7bafe02f8fb1a3f15f52a9c239d0ef,referral,1
ce7bafe02f8fb1a3f15f52a9c239d0ef,unknown,1
cf747f07a385ddb157f79df52898ab14,direct_traffic,1
cf747f07a385ddb157f79df52898ab14,email,3
cf747f07a385ddb157f79df52898ab14,organic_search,1
cf747f07a385ddb157f79df52898ab14,other,1
cf747f07a385ddb157f79df52898ab14,paid_search,1
cff78f40e6cdb80bb902d9a978eb4a76,paid_search,1
d0543cbdeb8df2ae60e7057a63bd5d39,social,1
d1905a1a023dc637956eff9364c5765e,paid_search,1
d1bad8bf984bd4d7ee08f814ca589897,other_publicities,1
d1bad8bf984bd4d7ee08f814ca589897,paid_search,12
d1bad8bf984bd4d7ee08f814ca589897,referral,1
d1c953566a3133574fc8e3f7bc1c126b,direct_traffic,1
d1c953566a3133574fc8e3f7bc1c126b,organic_search,2
d1da19204d3ed40c6476ad7498fb3e8b,unknown,1
d27094ded8d5242d4d2ba9d7e5f176b4,unknown,1
d28554990d8c5273fedfde51f1f8a59d,email,1
d28554990d8c5273fedfde51f1f8a59d,paid_search,3
d28554990d8c5273fedfde51f1f8a59d,referral,1
d28554990d8c5273fedfde51f1f8a59d,unknown,1
d387e61aff60919eae0a5ef1773db0db,unknown,1
d41d8cd98f00b204e9800998ecf8427e,unknown,4
d45d558f0daeecf3cccdffe3c59684aa,display,1
d45d558f0daeecf3cccdffe3c59684aa,email,17
d45d558f0daeecf3cccdffe3c59684aa,organic_search,3
d45d558f0daeecf3cccdffe3c59684aa,other,4
d45d558f0daeecf3cccdffe3c59684aa,paid_search,1
d45d558f0daeecf3cccdffe3c59684aa,referral,5
d45d558f0daeecf3cccdffe3c59684aa,unknown,1
d498d8fea0c0458bf3553775a60e66ec,unknown,1
d4d53713e4dab118111608c998bd6185,social,1
d51b0d02f063ba1d053db6d97226eec3,email,2
d5559420f79579b9aa701a202c4bc7eb,unknown,1
d56c0ae91aedcc9cfeef770826b73ec8,social,1
d662cbb2406577ba48384119fd62ac14,social,1
d7549bc9744c53d31a4a1abc7fb7b5ee,email,2
d7549bc9744c53d31a4a1abc7fb7b5ee,organic_search,3
d7549bc9744c53d31a4a1abc7fb7b5ee,referral,1
d7549bc9744c53d31a4a1abc7fb7b5ee,social,1
d7549bc9744c53d31a4a1abc7fb7b5ee,unknown,1
d75a2371281f42d607be43b08bd74905,direct_traffic,2
d75a2371281f42d607be43b08bd74905,email,2
d75a2371281f42d607be43b08bd74905,organic_search,1
d823616cbcb84fff516db22f366caaa5,organic_search,1
d823616cbcb84fff516db22f366caaa5,paid_search,5
d83b0d0e48c8447d1d5507a44027a955,direct_traffic,2
d83b0d0e48c8447d1d5507a44027a955,display,1
d83b0d0e48c8447d1d5507a44027a955,email,2
d83b0d0e48c8447d1d5507a44027a955,organic_search,15
d83b0d0e48c8447d1d5507a44027a955,other_publicities,1
d83b0d0e48c8447d1d5507a44027a955,paid_search,7
d83b0d0e48c8447d1d5507a44027a955,referral,2
d83b0d0e48c8447d1d5507a44027a955,social,1
d83b0d0e48c8447d1d5507a44027a955,unknown,3
d8a14bb9ac08a36af5e3221b224966ba,paid_search,1
da14b7e2eb0d1eecf65abbd05a31c87d,direct_traffic,3
da14b7e2eb0d1eecf65abbd05a31c87d,display,1
da14b7e2eb0d1eecf65abbd05a31c87d,email,7
da14b7e2eb0d1eecf65abbd05a31c87d,organic_search,5
da14b7e2eb0d1eecf65abbd05a31c87d,other_publicities,1
da14b7e2eb0d1eecf65abbd05a31c87d,paid_search,3
da14b7e2eb0d1eecf65abbd05a31c87d,social,2
da14b7e2eb0d1eecf65abbd05a31c87d,unknown,7
da1a335179b8a9784d5733c7c7ada254,unknown,1
daa9619c6f8ed06d059265dca0f9257f,email,15
daa9619c6f8ed06d059265dca0f9257f,other,3
daa9619c6f8ed06d059265dca0f9257f,other_publicities,1
daa9619c6f8ed06d059265dca0f9257f,paid_search,3
daa9619c6f8ed06d059265dca0f9257f,social,1
daa9619c6f8ed06d059265dca0f9257f,unknown,2
dabf7461e7b9fbcb03eb28449632f0c6,unknown,1
dafec09efd4f106ce6a1ea20db24e9ac,paid_search,1
dcaf9b9fe015f970d789e226c78dcc68,email,1
dcb589befb0d245279c49c137d0afbb9,direct_traffic,1
dcb589befb0d245279c49c137d0afbb9,organic_search,2
dcb589befb0d245279c49c137d0afbb9,paid_search,1
dcdbbb0bb43f5c9ea457a8363db87e73,email,5
dcdbbb0bb43f5c9ea457a8363db87e73,organic_search,5
dcdbbb0bb43f5c9ea457a8363db87e73,paid_search,2
dcdbbb0bb43f5c9ea457a8363db87e73,social,1
dd26cc89043f913c5441e3c88f2c26b6,organic_search,1
dd6f55db3947b0aeaadb65a610334799,direct_traffic,5
dd6f55db3947b0aeaadb65a610334799,email,3
dd6f55db3947b0aeaadb65a610334799,organic_search,3
dd6f55db3947b0aeaadb65a610334799,other,2
dd6f55db3947b0aeaadb65a610334799,other_publicities,1
dd6f55db3947b0aeaadb65a610334799,referral,2
de49b5a73de3b19b3339700fe733886c,unknown,1
de6d03557a0274d452fc442797717b8a,email,1
de6d03557a0274d452fc442797717b8a,paid_search,1
df99f969c517db441d373ae68b2955c9,paid_search,1
dfc3b656bac13de62e4efca322b3f2c1,display,4
dfc3b656bac13de62e4efca322b3f2c1,email,11
dfc3b656bac13de62e4efca322b3f2c1,organic_search,2
dfc3b656bac13de62e4efca322b3f2c1,paid_search,1
dfc3b656bac13de62e4efca322b3f2c1,unknown,2
dfd5e75bc022dc8b7388c4647d9e079f,paid_search,1
dfeed5742a04ec1bfc9f9593b880aa12,organic_search,1
dff49c1e54630a22f1ca28fcc02daca0,unknown,1
e022029a28bad406d6f3e74512ebebc2,organic_search,2
e022029a28bad406d6f3e74512ebebc2,other,1
e0d33c8fbfd9fe342f3449b6391b7edc,other,2
e0d41e6d874fd065008378950917bca3,organic_search,2
e1dede7fac8adb44db8302cef3c60e0d,paid_search,1
e2e67cce16ad4e30e1f8962402480f17,unknown,2
e30b6fe36d1ad2145ca4544e3362b5c1,unknown,1
e42a14209c69c3e9cc6b042620465f12,direct_traffic,1
e42a14209c69c3e9cc6b042620465f12,display,2
e42a14209c69c3e9cc6b042620465f12,email,22
e42a14209c69c3e9cc6b042620465f12,paid_search,1
e42a14209c69c3e9cc6b042620465f12,unknown,3
e492ee5eaf1697716985cc6f33f9cd9b,direct_traffic,22
e492ee5eaf1697716985cc6f33f9cd9b,display,4
e492ee5eaf1697716985cc6f33f9cd9b,email,35
e492ee5eaf1697716985cc6f33f9cd9b,organic_search,109
e492ee5eaf1697716985cc6f33f9cd9b,other,16
e492ee5eaf1697716985cc6f33f9cd9b,other_publicities,4
e492ee5eaf1697716985cc6f33f9cd9b,paid_search,40
e492ee5eaf1697716985cc6f33f9cd9b,referral,24
e492ee5eaf1697716985cc6f33f9cd9b,social,19
e492ee5eaf1697716985cc6f33f9cd9b,unknown,18
e534a08b23c682d94859d0ab860bd57a,direct_traffic,3
e534a08b23c682d94859d0ab860bd57a,display,1
e534a08b23c682d94859d0ab860bd57a,email,4
e534a08b23c682d94859d0ab860bd57a,organic_search,5
e534a08b23c682d94859d0ab860bd57a,other_publicities,1
e534a08b23c682d94859d0ab860bd57a,paid_search,4
e534a08b23c682d94859d0ab860bd57a,referral,1
e534a08b23c682d94859d0ab860bd57a,social,1
e534a08b23c682d94859d0ab860bd57a,unknown,2
e597d6ea31ca28a6355e2dbf5b3013ee,paid_search,1
e5eaa929c6697d69cd76727daa809042,social,1
e6f5a53f93c11dc9f418531040987730,organic_search,1
e8461ef52596925c898d68d1c7217c4c,organic_search,1
e86b0b777206ca8a678f97428603deac,organic_search,1
e873d2cf0661d3eaf417b952c7147578,email,1
e92a6f37ebb87a6bfbc569d439cf1635,direct_traffic,1
e92a6f37ebb87a6bfbc569d439cf1635,display,1
e92a6f37ebb87a6bfbc569d439cf1635,organic_search,9
e92a6f37ebb87a6bfbc569d439cf1635,paid_search,1
e92a6f37ebb87a6bfbc569d439cf1635,social,2
e92a6f37ebb87a6bfbc569d439cf1635,unknown,3
e964a0b7ce20d152c6ecc57c706d6291,organic_search,1
e964a0b7ce20d152c6ecc57c706d6291,paid_search,4
e998c9a2c0e92504311cde9e43a34026,unknown,1
e9e396caabf546e0ff4f747b47538192,unknown,1
ea0650174e273c41e12002dcdd4708be,direct_traffic,3
ea0650174e273c41e12002dcdd4708be,email,1
ea0650174e273c41e12002dcdd4708be,organic_search,6
ea0650174e273c41e12002dcdd4708be,other,1
ea0650174e273c41e12002dcdd4708be,paid_search,3
ea0650174e273c41e12002dcdd4708be,referral,1
ea0650174e273c41e12002dcdd4708be,unknown,2
ea4434c9a6df0098e720204ba3dbb76d,paid_search,1
eb35a69ff6fd56c8ac8cd0a3fb695de5,paid_search,1
ec1792990dc6ac02bb49c91875ee51fa,referral,1
ecc36b943a84ebcd3ab633cbe0fb1b9b,email,5
ece960c5dab1a015cc1cb5a419b0c63b,referral,1
ed818923ca007fc44b6f7e47de7eb87a,organic_search,1
eddb68be86556f76236ecf815d32facb,unknown,1
ee3c3bad6ed3eb9d5de56688d1f9c91b,email,4
ee3c3bad6ed3eb9d5de56688d1f9c91b,organic_search,10
ee3c3bad6ed3eb9d5de56688d1f9c91b,referral,2
ee3c3bad6ed3eb9d5de56688d1f9c91b,unknown,5
ee40ded7dc801923f81ab6dbbf6e5417,unknown,1
ef0b482996664cc1107b9051efd3ca84,direct_traffic,4
ef0b482996664cc1107b9051efd3ca84,display,1
ef0b482996664cc1107b9051efd3ca84,email,1
ef0b482996664cc1107b9051efd3ca84,organic_search,23
ef0b482996664cc1107b9051efd3ca84,paid_search,1
ef6ae7014c36fec7aaef615a3136b2d8,email,1
ef8fd2bd651e9bede81dfb6e45480793,email,5
ef8fd2bd651e9bede81dfb6e45480793,organic_search,2
ef8fd2bd651e9bede81dfb6e45480793,unknown,1
f017be4dbf86243af5c1ebed0cff36a2,direct_traffic,20
f017be4dbf86243af5c1ebed0cff36a2,display,3
f017be4dbf86243af5c1ebed0cff36a2,email,4
f017be4dbf86243af5c1ebed0cff36a2,organic_search,197
f017be4dbf86243af5c1ebed0cff36a2,other_publicities,3
f017be4dbf86243af5c1ebed0cff36a2,paid_search,19
f017be4dbf86243af5c1ebed0cff36a2,referral,23
f017be4dbf86243af5c1ebed0cff36a2,social,26
f017be4dbf86243af5c1ebed0cff36a2,unknown,15
f03e241af08912ba7ffb65d69b0eb4d9,email,1
f03e241af08912ba7ffb65d69b0eb4d9,organic_search,6
f03e241af08912ba7ffb65d69b0eb4d9,paid_search,2
f03e241af08912ba7ffb65d69b0eb4d9,referral,1
f03e241af08912ba7ffb65d69b0eb4d9,unknown,2
f08397f6bf693eef76648ea83ed2ece8,paid_search,1
f0b4c4ef4ee243742edd86cd944574ec,organic_search,2
f1ac5ca9008183011d8a8e770bcbbdbb,organic_search,1
f2297ae2d607584fb580e9947a1a9b75,direct_traffic,1
f3d15bbce65ef706388acb3d1c637a8b,email,1
f4cb9c7b1dc31afca77d4896d2ae8d4b,direct_traffic,1
f4cb9c7b1dc31afca77d4896d2ae8d4b,display,1
f4cb9c7b1dc31afca77d4896d2ae8d4b,organic_search,8
f4cb9c7b1dc31afca77d4896d2ae8d4b,paid_search,2
f55ba1da3448d20e213b0a10385eac07,unknown,1
f57543dba03374705c8ea62d65808076,organic_search,1
f5fdb03f3ee6e369a1748e300cc40cb9,referral,1
f77960785994c89e81217aa876672703,unknown,1
f80696b73d17fb34f5c4fde157f119d8,direct_traffic,3
f80696b73d17fb34f5c4fde157f119d8,email,11
f80696b73d17fb34f5c4fde157f119d8,organic_search,17
f80696b73d17fb34f5c4fde157f119d8,other_publicities,1
f80696b73d17fb34f5c4fde157f119d8,paid_search,5
f80696b73d17fb34f5c4fde157f119d8,referral,3
f80696b73d17fb34f5c4fde157f119d8,social,4
f80696b73d17fb34f5c4fde157f119d8,unknown,5
f92b00f4abed4326fcb772ad3f732f5d,paid_search,1
f98c2bd96ac4a5d9476734e790c91384,direct_traffic,9
f98c2bd96ac4a5d9476734e790c91384,email,8
f98c2bd96ac4a5d9476734e790c91384,organic_search,22
f98c2bd96ac4a5d9476734e790c91384,other,2
f98c2bd96ac4a5d9476734e790c91384,paid_search,8
f98c2bd96ac4a5d9476734e790c91384,social,4
f98c2bd96ac4a5d9476734e790c91384,unknown,5
fa5a0151e1f37d0055a3478fbb48827a,organic_search,2
fa5a0151e1f37d0055a3478fbb48827a,paid_search,13
fa6f59a21825d841e307151460fb0302,direct_traffic,1
fa6f59a21825d841e307151460fb0302,organic_search,1
fa6f59a21825d841e307151460fb0302,paid_search,1
fa6f59a21825d841e307151460fb0302,unknown,1
fb58285f6f6c4e504dfa628de116cae8,direct_traffic,1
fb58285f6f6c4e504dfa628de116cae8,email,13
fb58285f6f6c4e504dfa628de116cae8,organic_search,4
fb58285f6f6c4e504dfa628de116cae8,paid_search,3
fb58285f6f6c4e504dfa628de116cae8,unknown,1
fbc24da54d531c6204ae2d17b1090bb1,direct_traffic,1
fbc24da54d531c6204ae2d17b1090bb1,organic_search,2
fbc24da54d531c6204ae2d17b1090bb1,paid_search,21
fc4db0e1e8dfd5a305da563f9b2fc192,email,1
fc4db0e1e8dfd5a305da563f9b2fc192,paid_search,1
fc83c311415c9f67b6c7c87cf488b9c2,unknown,1
fd660f5d9a62d444c76191307b3a0514,direct_traffic,1
fd660f5d9a62d444c76191307b3a0514,email,7
fd660f5d9a62d444c76191307b3a0514,organic_search,1
fd660f5d9a62d444c76191307b3a0514,paid_search,1
fd660f5d9a62d444c76191307b3a0514,referral,1
fd7c4cdfbfb7964b441618d54f88c38b,organic_search,1
fd7d977e75d1ac5cfe6b93ffabb150b1,social,1
fe82aeadeaea2186478fe6353d6d5301,paid_search,7
fe82aeadeaea2186478fe6353d6d5301,unknown,1
ff3416719616ad4921acb8c74e21d6f0,email,3
ff3416719616ad4921acb8c74e21d6f0,organic_search,2
ff3416719616ad4921acb8c74e21d6f0,other_publicities,1
ff3416719616ad4921acb8c74e21d6f0,paid_search,1
ff3416719616ad4921acb8c74e21d6f0,referral,3
ff3416719616ad4921acb8c74e21d6f0,social,1
ffc62d6945fd1423539ec6d96326c37c,display,1
